"","study_id","FIELDGREENHOUSE"
"1","10.1080/12298093.2024.2360750","nursery"
"2","10.1093/jambio/lxae161","field soils"
"3","10.1093/jambio/lxae161"," field soil"
"4","10.1093/jambio/lxae161"," greenhouse"
"5","10.1016/j.scitotenv.2024.173975","long-term field"
"6","10.1016/j.scitotenv.2024.173975"," field"
"7","10.1016/j.scitotenv.2024.173552",NA
"8","10.1002/ece3.11442",NA
"9","10.1007/s42770-024-01390-2","field"
"10","10.1007/s00572-024-01151-x","a net-house"
"11","10.1080/15226514.2024.2353389","engineering vegetal"
"12","10.1080/15226514.2024.2353389"," pilot territory"
"13","10.1016/j.heliyon.2024.e30484","field experiment"
"14","10.1093/hr/uhae067",NA
"15","10.3389/fpls.2024.1364469",NA
"16","10.3389/fpls.2024.1385245",NA
"17","10.1186/s12870-024-05032-5","pot experiment"
"18","10.3389/fmicb.2024.1288865",NA
"19","10.1016/j.micres.2024.127708",NA
"20","10.1007/s00284-024-03662-4","a nursery"
"21","10.1016/j.crmicr.2024.100229",NA
"22","10.1590/1519-6984.276160",NA
"23","10.1016/j.jenvman.2024.120673","greenhouse"
"24","10.1016/j.jenvman.2024.120673"," microcosm"
"25","10.1093/treephys/tpae029","nursery"
"26","10.1093/treephys/tpae029"," greenhouse"
"27","10.1007/s11356-024-32755-7","field"
"28","10.1007/s00572-024-01139-7","greenhouse"
"29","10.1111/ppl.14205",NA
"30","10.1016/j.ecoenv.2024.116157","greenhouse pot"
"31","10.1128/spectrum.03427-23","the potential field"
"32","10.1080/15226514.2024.2315471",NA
"33","10.3389/fpls.2024.1303750","forage"
"34","10.1016/j.heliyon.2024.e24820","field"
"35","10.1016/j.scitotenv.2024.170417","pot experiment"
"36","10.3390/microorganisms12010075","durum field"
"37","10.3390/microorganisms12010075"," greenhouse"
"38","10.3390/microorganisms12010075"," the field"
"39","10.3390/microorganisms12010075"," the field surroundings"
"40","10.1007/s11356-024-31870-9","a greenhouse"
"41","10.1007/s11356-024-31870-9"," pot experiment"
"42","10.1002/jobm.202300424","pot"
"43","10.1007/s12298-023-01369-7",NA
"44","10.1007/s10123-023-00466-7","greenhouse"
"45","10.1007/s10123-023-00466-7"," a greenhouse"
"46","10.1111/nph.19493","the field"
"47","10.3390/plants12244171",NA
"48","10.3390/plants12244088",NA
"49","10.3390/jof9121152","pot"
"50","10.3390/plants12234012",NA
"51","10.1111/pce.14771",NA
"52","10.1016/j.jenvman.2023.119509","greenhouse"
"53","10.1016/j.jenvman.2023.119509"," grassland microcosms"
"54","10.1016/j.envpol.2023.122841","pot experiment"
"55","10.1007/s10886-023-01455-w","greenhouse"
"56","10.3390/jof9100977","a three-compartment microcosm"
"57","10.1007/s13205-023-03793-8",NA
"58","10.1093/treephys/tpad130","pot experiment"
"59","10.3390/plants12193426",NA
"60","10.1007/s00572-023-01126-4",NA
"61","10.1016/j.envres.2023.117219","pot"
"62","10.1016/j.scitotenv.2023.167289","pot"
"63","10.7717/peerj.15686","field"
"64","10.1016/j.ecoenv.2023.115458","pot"
"65","10.3389/fpls.2023.1206047",NA
"66","10.3390/microorganisms11082012","field"
"67","10.3389/fpls.2023.1222557",NA
"68","10.3390/toxics11070582",NA
"69","10.1111/gcb.16886",NA
"70","10.1093/aob/mcad095","pot"
"71","10.3389/fmicb.2023.1184070","pots containing"
"72","10.1016/j.envpol.2023.122146","pot"
"73","10.3390/jof9060684","greenhouse pot"
"74","10.3390/jof9060677","pot experiment"
"75","10.1016/j.scitotenv.2023.164970","greenhouse pot"
"76","10.3389/fmicb.2023.1131797","pot cultures"
"77","10.3389/fpls.2023.1134995",NA
"78","10.3390/microorganisms11051144",NA
"79","10.3390/microorganisms11051113","greenhouse"
"80","10.3390/plants12112195",NA
"81","10.3390/life13051118",NA
"82","10.3390/jof9050540",NA
"83","10.3390/plants12091908","field"
"84","10.1093/treephys/tpad064","the field"
"85","10.3390/jof9040479","pot culture"
"86","10.3390/biology12040628","the field"
"87","10.3390/biology12040628"," a shadehouse"
"88","10.1186/s12284-023-00635-2",NA
"89","10.1016/j.ecoenv.2023.114776","pot"
"90","10.1016/j.micres.2023.127350","microcosm"
"91","10.3389/fpls.2023.1140467",NA
"92","10.3390/plants12051184","pots"
"93","10.3390/plants12051184"," the pots"
"94","10.1186/s12870-023-04111-3",NA
"95","10.3389/fpls.2023.1101932","nursery"
"96","10.3390/plants12030547","pot experiment"
"97","10.1007/s00442-023-05329-6",NA
"98","10.3390/microorganisms11010050","field"
"99","10.1007/s00284-022-03145-4","greenhouse"
"100","10.1016/j.scitotenv.2022.160616",NA
"101","10.1016/j.scitotenv.2022.160550",NA
"102","10.3390/microorganisms10112287",NA
"103","10.3389/fpls.2022.1022319",NA
"104","10.3389/fpls.2022.993301","replicated field"
"105","10.1007/s11356-022-23919-4","pot"
"106","10.1016/j.chemosphere.2022.137106","field"
"107","10.1007/s00248-022-02132-3","microcosms"
"108","10.3389/fpls.2022.1015947",NA
"109","10.3390/toxics10100574",NA
"110","10.3390/toxics10100565","pot"
"111","10.1080/15592324.2022.2134676",NA
"112","10.1186/s12870-022-03790-8","pot experiment"
"113","10.3389/fpls.2022.968719",NA
"114","10.1186/s12864-022-08797-x",NA
"115","10.1016/j.envpol.2022.120309",NA
"116","10.3389/fmicb.2022.1006140",NA
"117","10.3390/plants11172276",NA
"118","10.3389/fpls.2022.965576",NA
"119","10.1007/s11356-022-22540-9",NA
"120","10.3389/fpls.2022.845794",NA
"121","10.3389/fpls.2022.947547",NA
"122","10.3389/fmicb.2022.827293",NA
"123","10.3390/plants11141860",NA
"124","10.1038/s41598-022-17075-5","microcosm each"
"125","10.1038/s41598-022-17075-5"," greenhouse microcosm"
"126","10.1038/s41396-022-01293-w","a greenhouse"
"127","10.1038/s41396-022-01293-w"," the field"
"128","10.1038/s41396-022-01293-w"," the greenhouse inoculated"
"129","10.1002/fes3.370",NA
"130","10.3390/plants11131780","the greenhouse"
"131","10.3390/plants11131743",NA
"132","10.1016/j.envpol.2022.119661",NA
"133","10.3389/fpls.2022.898378",NA
"134","10.3389/fpls.2022.892826","greenhouse"
"135","10.3389/fpls.2022.892826"," field"
"136","10.3389/fpls.2022.898969",NA
"137","10.1016/j.plantsci.2022.111308","glasshouse"
"138","10.3389/fmicb.2022.881442",NA
"139","10.1016/j.jhazmat.2022.129077","pot experiment"
"140","10.3390/microorganisms10051042",NA
"141","10.3389/fpls.2022.880181",NA
"142","10.1007/s11356-022-19838-z",NA
"143","10.1080/15226514.2022.2071832","pot experiment"
"144","10.1371/journal.pone.0266526",NA
"145","10.3390/life12040497",NA
"146","10.1002/ps.6923",NA
"147","10.1186/s12870-022-03514-y",NA
"148","10.3390/plants11070861",NA
"149","10.3389/fmicb.2022.814323","the greenhouse"
"150","10.3389/fmicb.2022.814323"," pot"
"151","10.7717/peerj.13080",NA
"152","10.3390/molecules27061752","climate-controlled chamber"
"153","10.1111/plb.13402",NA
"154","10.1007/s00203-022-02786-0",NA
"155","10.1016/j.scitotenv.2022.153696","field"
"156","10.3390/plants11010089","glasshouse"
"157","10.3390/plants11010089"," field"
"158","10.1007/s00248-021-01945-y",NA
"159","10.1007/s00572-021-01059-w",NA
"160","10.3390/plants10122716","microcosm"
"161","10.1007/s00284-021-02682-8",NA
"162","10.1038/s41598-021-03132-y",NA
"163","10.1002/eap.2501","field"
"164","10.1002/ppp3.10094",NA
"165","10.1016/j.crmicr.2021.100061","nursery thereafter"
"166","10.1371/journal.pone.0259959",NA
"167","10.1016/j.scitotenv.2021.151803",NA
"168","10.1007/s11356-021-17256-1","field"
"169","10.1016/j.scitotenv.2021.151649","field"
"170","10.1080/15226514.2021.2002809",NA
"171","10.1007/s00572-021-01057-y",NA
"172","10.3389/fpls.2021.740524",NA
"173","10.1016/j.sjbs.2021.08.016","pot"
"174","10.3390/plants10091948",NA
"175","10.3390/microorganisms9091803","greenhouse"
"176","10.1038/s41598-021-97674-w",NA
"177","10.1016/j.scitotenv.2021.149904",NA
"178","10.3390/molecules26175321",NA
"179","10.1016/j.jhazmat.2021.125894",NA
"180","10.1016/j.scitotenv.2021.149843","microcosms"
"181","10.1007/s00572-021-01048-z",NA
"182","10.1007/s00248-021-01841-5",NA
"183","10.1016/j.jenvman.2021.113516","greenhouse pot"
"184","10.1016/j.jtbi.2021.110859",NA
"185","10.1038/s41598-021-94092-w",NA
"186","10.3389/fpls.2021.693044","field experiment"
"187","10.1007/s11356-021-15326-y","greenhouse pot"
"188","10.1007/s00128-021-03329-x","greenhouse"
"189","10.1007/s00128-021-03329-x"," potted"
"190","10.3390/plants10071333","greenhouse"
"191","10.1007/s11356-021-15045-4",NA
"192","10.1002/jsfa.11382","a glasshouse"
"193","10.1007/s11356-021-14821-6","a greenhouse"
"194","10.3390/plants10050950","greenhouse"
"195","10.3390/jof7050361","the field"
"196","10.1016/j.scitotenv.2021.147944",NA
"197","10.1016/j.scitotenv.2021.147943","field"
"198","10.13287/j.1001-9332.202105.022","pot field"
"199","10.13287/j.1001-9332.202105.022"," field"
"200","10.13287/j.1001-9332.202105.022"," pot"
"201","10.1111/ppl.13454",NA
"202","10.1016/j.ecoenv.2021.112154","pot"
"203","10.1007/s00572-021-01031-8","pots"
"204","10.3389/fmicb.2021.618169",NA
"205","10.1186/s12870-021-02949-z",NA
"206","10.1007/s11356-021-13755-3","the field"
"207","10.1007/s11356-021-13755-3"," a greenhouse"
"208","10.3389/fpls.2021.614162",NA
"209","10.1016/j.ecoenv.2021.112170","greenhouse pot"
"210","10.1007/s00572-021-01028-3",NA
"211","10.13227/j.hjkx.202008154","greenhouse pot"
"212","10.1038/s41598-021-85497-8","greenhouse"
"213","10.1016/j.ecoenv.2021.112072",NA
"214","10.1002/jeq2.20212","greenhouse"
"215","10.1002/jeq2.20212"," the field"
"216","10.1002/jeq2.20212"," field"
"217","10.1002/jeq2.20212"," the field control"
"218","10.3389/fpls.2021.617892","greenhouse"
"219","10.1007/s00248-021-01710-1","greenhouse"
"220","10.1007/s00128-021-03113-x",NA
"221","10.1016/j.ecoenv.2021.111996",NA
"222","10.1016/j.envpol.2021.116499","pot"
"223","10.3389/fmicb.2020.586050",NA
"224","10.1016/j.sjbs.2020.09.053","field"
"225","10.1007/s11356-020-12131-x",NA
"226","10.3390/plants9121801",NA
"227","10.1111/jam.14951","greenhouse"
"228","10.1111/jam.14951"," field"
"229","10.3389/fpls.2020.516818",NA
"230","10.1016/j.envpol.2020.115980",NA
"231","10.1016/j.jhazmat.2020.124325","land-use"
"232","10.1016/j.jhazmat.2020.124325"," pot rhizo-box"
"233","10.3390/microorganisms8111695",NA
"234","10.1007/s10646-020-02298-x","greenhouse pot"
"235","10.3390/ijms21217987","greenhouse"
"236","10.3390/ijms21217987"," the field"
"237","10.1007/s00572-020-00991-7","pot"
"238","10.1007/s00572-020-00991-7"," field"
"239","10.1007/s00572-020-00991-7"," pot compartmented"
"240","10.1007/s00572-020-00991-7"," pot experiment"
"241","10.1016/j.ecoenv.2020.111495","greenhouse"
"242","10.1016/j.ecoenv.2020.111495"," month"
"243","10.1016/j.ecoenv.2020.111495"," pots"
"244","10.1007/s11356-020-10636-z",NA
"245","10.1371/journal.pone.0234099",NA
"246","10.3390/plants9080975","pots"
"247","10.1016/j.micres.2020.126556",NA
"248","10.1016/j.ecoenv.2020.110988","pot greenhouse"
"249","10.1016/j.jtemb.2020.126594","pot-design"
"250","10.1016/j.jtemb.2020.126594"," microcosm"
"251","10.13227/j.hjkx.201906119",NA
"252","10.3390/plants9070804",NA
"253","10.1016/j.ecoenv.2020.110869","field"
"254","10.3390/jof6020087","field experiment"
"255","10.3390/microorganisms8060899","semi-open field"
"256","10.3390/microorganisms8060899"," field"
"257","10.3390/microorganisms8060899"," potted"
"258","10.1007/s00572-020-00962-y",NA
"259","10.1007/978-1-0716-0603-2_3",NA
"260","10.1007/s00572-020-00957-9","greenhouse"
"261","10.3390/microorganisms8040602","mesocosm experiment"
"262","10.3390/microorganisms8040602"," a greenhouse"
"263","10.1186/s40529-020-00290-6",NA
"264","10.3390/jof6020044",NA
"265","10.1016/j.envpol.2020.114406",NA
"266","10.1016/j.ecoenv.2020.110485","pot"
"267","10.3389/fpls.2020.00072","field"
"268","10.3390/microorganisms8030364",NA
"269","10.3390/ijms21051748",NA
"270","10.3390/microorganisms8030327",NA
"271","10.1080/15226514.2020.1725867","greenhouse pot"
"272","10.1038/s41598-020-59447-9",NA
"273","10.3390/microorganisms8020230",NA
"274","10.1007/s11356-020-07886-2",NA
"275","10.1007/s00442-020-04598-9","community mesocosms"
"276","10.1007/s11356-020-07781-w",NA
"277","10.1016/j.scitotenv.2019.136294",NA
"278","10.1016/j.jenvman.2019.109982",NA
"279","10.1016/j.jhazmat.2019.121873",NA
"280","10.1007/s11356-019-07300-6",NA
"281","10.1007/s00572-019-00927-w","pots"
"282","10.3390/microorganisms7120651","pot experiment"
"283","10.3389/fmicb.2019.02634",NA
"284","10.3389/fmicb.2019.02591","pot experiment"
"285","10.1007/s11356-019-06785-5",NA
"286","10.1007/s10661-019-7873-6",NA
"287","10.1002/jsfa.10166",NA
"288","10.1016/j.ecoenv.2019.109783","a field infected"
"289","10.1038/s41598-019-51369-5",NA
"290","10.1038/s41598-019-50354-2","field greenhouse"
"291","10.1016/j.chemosphere.2019.124710",NA
"292","10.1007/s00572-019-00914-1",NA
"293","10.3390/microorganisms7090289",NA
"294","10.1007/s42770-019-00125-y",NA
"295","10.3389/fpls.2019.00843",NA
"296","10.1002/ecy.2855","greenhouse"
"297","10.3389/fpls.2019.00895","field"
"298","10.1016/j.ecoenv.2019.109476","potted"
"299","10.1016/j.jenvman.2019.06.130","pot factorial"
"300","10.1016/j.jenvman.2019.06.130"," greenhouse"
"301","10.1016/j.jenvman.2019.06.130"," pot"
"302","10.1016/j.jenvman.2019.06.123",NA
"303","10.1016/j.ecoenv.2019.109383","a greenhouse"
"304","10.1016/j.chemosphere.2019.06.160",NA
"305","10.1016/j.jhazmat.2019.120813",NA
"306","10.1371/journal.pone.0218969","field"
"307","10.1007/s00572-019-00900-7","greenhouse experiment"
"308","10.1111/nph.15993",NA
"309","10.1007/s00572-019-00898-y","greenhouse"
"310","10.1016/j.envpol.2019.03.060","the pots"
"311","10.1007/s11356-019-05323-7",NA
"312","10.3390/molecules24081603",NA
"313","10.1039/c8ra10442e","potted experimental"
"314","10.1039/c8ra10442e"," greenhouse experiment"
"315","10.1007/s00572-019-00890-6",NA
"316","10.1016/j.chemosphere.2018.12.211",NA
"317","10.34133/2019/5893953",NA
"318","10.1007/s00572-019-00884-4","field"
"319","10.1371/journal.pone.0213672","pots"
"320","10.3390/foods8030090","nursery"
"321","10.3390/foods8030090"," nursery soils"
"322","10.7717/peerj.6421",NA
"323","10.1007/s00572-019-00883-5",NA
"324","10.3389/fpls.2018.01906","pots containing"
"325","10.3389/fpls.2018.01906"," greenhouse"
"326","10.1007/s11356-019-04256-5",NA
"327","10.1111/1758-2229.12729",NA
"328","10.1016/j.ecoenv.2018.12.097","pot experiment"
"329","10.1016/j.scitotenv.2018.11.317","pot experiment"
"330","10.1002/ajb2.1206","greenhouse"
"331","10.3389/fpls.2018.01611","field"
"332","10.3389/fpls.2018.01611"," a greenhouse"
"333","10.3389/fpls.2018.01631","pot"
"334","10.3389/fpls.2018.01605","greenhouse"
"335","10.3389/fpls.2018.01605"," watering treatment"
"336","10.3389/fpls.2018.01605"," the greenhouse field"
"337","10.3389/fpls.2018.01605"," greenhouse field"
"338","10.1016/j.chemosphere.2018.11.085",NA
"339","10.13287/j.1001-9332.201809.034",NA
"340","10.1016/j.ecoenv.2018.10.046","pot"
"341","10.19540/j.cnki.cjcmm.20180528.004",NA
"342","10.1016/j.chemosphere.2018.09.143",NA
"343","10.1016/j.chemosphere.2018.08.147","pots filled"
"344","10.1186/s12898-018-0197-5",NA
"345","10.1007/s12088-018-0749-6",NA
"346","10.1002/ecy.2502","mesocosms without"
"347","10.1002/ecy.2502"," pasteurized inoculated mesocosms"
"348","10.1002/ecy.2502"," mesocosm"
"349","10.3390/plants7030063","mesocosm experiment"
"350","10.1016/j.plantsci.2018.05.015",NA
"351","10.3389/fpls.2018.01046","field soil"
"352","10.3389/fpls.2018.01046"," greenhouse"
"353","10.1007/s00572-018-0856-6",NA
"354","10.3390/ijms19082160",NA
"355","10.1007/s00572-018-0853-9",NA
"356","10.13227/j.hjkx.201702041","greenhouse pot"
"357","10.1007/s00572-018-0844-x","blank pot"
"358","10.1016/j.envpol.2018.06.003","pot experiment"
"359","10.1080/15226514.2018.1438358",NA
"360","10.1007/s00572-018-0839-7","48"
"361","10.1007/s00572-018-0839-7"," pot"
"362","10.3389/fpls.2018.00607",NA
"363","10.1186/s12284-018-0226-1",NA
"364","10.1093/femsec/fiy092",NA
"365","10.1016/j.envpol.2018.04.138",NA
"366","10.1016/j.ecoenv.2018.03.073","pot"
"367","10.7717/peerj.4425","greenhouse experiment"
"368","10.1007/s00572-018-0826-z",NA
"369","10.1007/s11356-018-1533-1",NA
"370","10.3389/fpls.2018.00093","pot"
"371","10.3389/fpls.2018.00093"," field"
"372","10.3389/fpls.2018.00093"," pot experiment"
"373","10.1016/j.scitotenv.2018.01.331","8-week pot"
"374","10.1016/j.scitotenv.2018.01.331"," pot"
"375","10.1590/0001-3765201820160189",NA
"376","10.1139/cjm-2017-0521",NA
"377","10.3389/fpls.2017.02236","the field"
"378","10.3389/fpls.2017.02236"," microcosm experiment"
"379","10.3389/fpls.2017.02236"," field"
"380","10.1007/s00572-018-0823-2",NA
"381","10.1007/s00572-018-0819-y",NA
"382","10.7717/peerj.4183","pot experiment"
"383","10.1186/s13104-017-3105-8",NA
"384","10.1016/j.chemosphere.2017.12.025","mesocosm"
"385","10.3934/microbiol.2017.4.938","pots treated"
"386","10.3934/microbiol.2017.4.938"," a month"
"387","10.3934/microbiol.2017.4.938"," pots these latter"
"388","10.3934/microbiol.2017.4.938"," pots singly-treated"
"389","10.3934/microbiol.2017.4.938"," tomato pot"
"390","10.3934/microbiol.2017.4.938"," pots"
"391","10.1016/j.scitotenv.2017.11.188",NA
"392","10.1007/s00572-017-0809-5",NA
"393","10.1007/s00425-017-2808-3","potted"
"394","10.1016/j.scitotenv.2017.09.066",NA
"395","10.1016/j.bjm.2017.04.005","field consortium"
"396","10.1016/j.bjm.2017.04.005"," field"
"397","10.1016/j.ecoenv.2017.06.059","greenhouse pot"
"398","10.1016/j.jenvman.2017.06.036","pot"
"399","10.1007/s11356-017-9463-x",NA
"400","10.3389/fpls.2017.00931",NA
"401","10.1039/c7mt00072c",NA
"402","10.1007/s00572-017-0778-8",NA
"403","10.1007/s00248-017-0999-6","field"
"404","10.1080/15226514.2017.1284751","greenhouse experiment"
"405","10.1016/j.scitotenv.2017.05.047",NA
"406","10.3389/fpls.2017.00684",NA
"407","10.1007/s00572-017-0775-y",NA
"408","10.3389/fpls.2017.00517","greenhouse"
"409","10.3389/fpls.2017.00517"," pot"
"410","10.1016/j.envpol.2017.03.058",NA
"411","10.1007/s00572-017-0768-x",NA
"412","10.1002/ecy.1793","split-plot field"
"413","10.1007/s11356-017-8649-6","unplanted"
"414","10.1007/s11356-017-8649-6"," microcosm"
"415","10.1139/cjm-2016-0597",NA
"416","10.2134/jeq2016.04.0125",NA
"417","10.1016/j.plaphy.2017.01.001",NA
"418","10.1002/jsfa.8201",NA
"419","10.1016/j.scitotenv.2016.12.031",NA
"420","10.3389/fpls.2016.01901","greenhouse"
"421","10.1371/journal.pone.0167014","screenhouse"
"422","10.1371/journal.pone.0167014"," field"
"423","10.1371/journal.pone.0167014"," sahelian"
"424","10.1371/journal.pone.0167014"," field screenhouse"
"425","10.1016/j.bjm.2016.10.012",NA
"426","10.1007/s00442-016-3771-6",NA
"427","10.1080/15226514.2016.1244157","pot"
"428","10.1016/j.chemosphere.2016.09.145","greenhouse pot"
"429","10.1002/ece3.2456",NA
"430","10.3389/fmicb.2016.01246","greenhouse field"
"431","10.13277/j.hjkx.2016.08.049","greenhouse pot"
"432","10.13277/j.hjkx.2016.08.049"," pots"
"433","10.1080/15226514.2016.1207596",NA
"434","10.3389/fmicb.2016.01030","greenhouse"
"435","10.1080/15226514.2016.1207602","field"
"436","10.1080/15226514.2016.1207602"," greenhouse experiment"
"437","10.1016/j.ecoenv.2016.06.012",NA
"438","10.1186/s12862-016-0698-9",NA
"439","10.1007/s00572-016-0712-5","greenhouse"
"440","10.1007/s11356-016-6941-5",NA
"441","10.1007/s00248-016-0779-8",NA
"442","10.15517/rbt.v64i2.20289","individual pots"
"443","10.15517/rbt.v64i2.20289"," the greenhouse"
"444","10.15517/rbt.v64i2.20289"," pot"
"445","10.15517/rbt.v64i2.20289"," a greenhouse"
"446","10.15517/rbt.v64i2.20289"," a greenhouse pots"
"447","10.15517/rbt.v64i2.20289"," field"
"448","10.15517/rbt.v64i2.20289"," greenhouse"
"449","10.1016/j.crvi.2016.04.009","pot cultures"
"450",NA,"greenhouse pot"
"451",NA," the field"
"452","10.1007/s00572-016-0699-y",NA
"453","10.1021/acs.jafc.6b00408","pot experiment"
"454",NA,"greenhouse pot"
"455","10.1371/journal.pone.0153378","pot"
"456","10.1093/aobpla/plw018","pots containing"
"457","10.1007/s11356-016-6337-6","greenhouse pot"
"458","10.1371/journal.pone.0150181",NA
"459","10.1038/srep21805","greenhouse pot"
"460","10.1007/s00572-016-0687-2",NA
"461","10.1038/srep20469",NA
"462","10.1093/jxb/erv561",NA
"463","10.1016/j.jplph.2015.11.007",NA
"464","10.3923/pjbs.2016.158.170",NA
"465","10.1371/journal.pone.0145793",NA
"466","10.1371/journal.pone.0145726","greenhouse"
"467","10.1080/15226514.2015.1131232","pot"
"468","10.1007/s11356-015-5914-4","greenhouse"
"469",NA,"pot experiment"
"470","10.1007/s00572-015-0670-3","potted soil"
"471","10.1007/s00572-015-0666-z","pot"
"472","10.3389/fpls.2015.00815","field"
"473","10.1007/s00572-015-0659-y","nursery"
"474","10.1007/s11356-015-5094-2","greenhouse pot"
"475",NA,"greenhouse pot"
"476",NA," field"
"477","10.1111/pce.12600","field soils"
"478","10.1111/pce.12600"," microcosms the"
"479","10.1111/pce.12600"," field"
"480","10.1111/pce.12600"," grassland microcosms planted"
"481","10.1371/journal.pone.0128841",NA
"482","10.1016/j.chemosphere.2015.04.023",NA
"483","10.3390/jof1010055","a nursery"
"484","10.1007/s00572-015-0638-3","microcosms containing"
"485","10.1007/s00572-015-0638-3"," field"
"486","10.3389/fmicb.2015.00203",NA
"487","10.1080/15226514.2014.989311",NA
"488","10.1007/s11356-014-3837-0",NA
"489","10.1016/j.scitotenv.2015.01.085","field experiment"
"490","10.1038/srep08122",NA
"491","10.1016/j.ecoenv.2014.12.033","field"
"492","10.3389/fmicb.2014.00682",NA
"493","10.1080/15226514.2014.950408","the greenhouse"
"494","10.1016/j.jplph.2014.08.019",NA
"495","10.1016/j.ecoenv.2014.09.019","pot"
"496","10.1007/s00572-014-0613-4","cold"
"497","10.1007/s00572-014-0613-4"," the greenhouse"
"498",NA,"greenhouse pot"
"499",NA,"pot present greenhouse"
"500",NA," pot greenhouse"
"501","10.1007/s10646-014-1368-6","pot culture"
"502","10.5423/PPJ.OA.10.2012.0156",NA
"503","10.1016/j.jes.2014.07.013",NA
"504","10.1007/s00442-014-3091-7",NA
"505","10.1007/s10646-014-1331-6","planted pot"
"506","10.1007/s00572-014-0600-9","greenhouse"
"507","10.1007/s11356-014-3396-4","greenhouse"
"508","10.1007/s00572-014-0596-1","flooded treatment"
"509","10.1371/journal.pone.0101487","pot"
"510","10.1016/j.scitotenv.2014.06.045",NA
"511","10.1080/15226514.2013.856852",NA
"512","10.1890/13-0025.1",NA
"513","10.1111/nph.12876",NA
"514","10.1007/s11356-014-2938-0","potted"
"515","10.1007/s11356-014-2938-0"," field"
"516","10.1007/s11356-014-2938-0"," potted soils"
"517","10.1007/s00284-014-0589-5",NA
"518","10.1007/s00572-014-0582-7",NA
"519","10.1038/srep04671","greenhouse pot"
"520","10.1371/journal.pone.0093967","field five-year"
"521","10.1371/journal.pone.0093967"," greenhouse"
"522","10.1371/journal.pone.0093967"," field"
"523",NA,"greenhouse"
"524",NA," greenhouse"
"525","10.1371/journal.pone.0090738","pots"
"526","10.1371/journal.pone.0090738"," field experiment"
"527","10.1016/j.jplph.2013.10.023",NA
"528","10.1007/s11356-014-2696-z","greenhouse experiment"
"529","10.1007/s10646-014-1200-3","greenhouse"
"530","10.1007/s00572-014-0555-x","nursery"
"531","10.1007/s00572-014-0555-x"," field"
"532","10.3732/ajb.1300262","greenhouse"
"533","10.1890/13-1821.1","field"
"534","10.1590/s1517-83822014000400007",NA
"535","10.1038/ismej.2013.224","greenhouse"
"536","10.1038/ismej.2013.224"," microcosms"
"537","10.1016/j.jplph.2013.10.011",NA
"538","10.1890/12-1943.1",NA
"539","10.3389/fpls.2013.00338","a field"
"540",NA,"greenhouse"
"541","10.1016/j.chemosphere.2013.07.089","greenhouse pot"
"542","10.1371/journal.pone.0070633",NA
"543","10.1093/aob/mct177",NA
"544","10.1016/j.jenvrad.2013.07.001","the field"
"545","10.1016/j.jenvrad.2013.07.001"," field"
"546","10.1016/j.chemosphere.2013.04.093","greenhouse pot"
"547","10.1016/j.chemosphere.2013.04.093"," field inoculation"
"548",NA,"greenhouse pot"
"549","10.1016/s1001-0742(12)60060-6",NA
"550","10.1111/nph.12273",NA
"551","10.1007/s00572-013-0494-y","greenhouse"
"552","10.1007/s00572-013-0494-y"," 6-month"
"553","10.1093/aob/mct062","pots"
"554","10.1093/aob/mct062"," a greenhouse"
"555","10.1080/09593330.2012.689369",NA
"556","10.1080/15226514.2012.716099",NA
"557","10.1093/aob/mct035",NA
"558","10.1111/pce.12082",NA
"559","10.1890/11-1715.1",NA
"560","10.1371/journal.pone.0048669",NA
"561","10.1007/s00572-012-0460-0","suillus-inoculated microcosms"
"562","10.1007/s00572-012-0460-0"," microcosms some"
"563","10.1007/s00572-012-0460-0"," microcosm"
"564","10.1016/j.jhazmat.2012.08.020","pot"
"565","10.1016/j.jenvrad.2012.08.004","greenhouse"
"566","10.1080/15226514.2011.619230","greenhouse aluminium"
"567","10.1039/c2em30333g","greenhouse"
"568","10.1039/c2em30333g"," pot"
"569","10.1007/s11274-011-0823-2","field pot tested"
"570","10.1007/s11274-011-0823-2"," field pot"
"571","10.1007/s11274-011-0823-2"," nursery"
"572","10.1007/s11274-011-0823-2"," pots"
"573","10.1007/s11274-011-0823-2"," field"
"574","10.1016/j.jhazmat.2012.05.091",NA
"575","10.1007/s00572-012-0448-9","field"
"576","10.1007/s00572-012-0448-9"," pot cultures"
"577","10.1016/j.jhazmat.2012.05.044",NA
"578","10.1007/s00572-012-0447-x","field"
"579","10.1007/s00572-012-0446-y","greenhouse experiment"
"580","10.1890/11-1247.1","greenhouse"
"581","10.1890/11-1247.1"," the field"
"582","10.1890/11-1247.1"," the field response"
"583","10.1890/11-1247.1"," field"
"584","10.1016/j.envpol.2012.04.026","pot"
"585","10.1111/j.1438-8677.2012.00581.x",NA
"586","10.1007/s11270-011-0915-5",NA
"587","10.1139/w11-140","greenhouse"
"588",NA,"nursery"
"589",NA,NA
"590","10.1016/j.scitotenv.2011.10.053","nursery inoculation"
"591",NA,"pot culture"
"592","10.1080/15226514.2011.568546","field"
"593","10.1890/10-1915.1",NA
"594","10.1590/S1517-83822011000300004",NA
"595","10.1007/s00572-011-0391-1",NA
"596","10.1186/1471-2229-11-98","pot"
"597","10.1080/15226510903535056","greenhouse"
"598","10.1080/15226510903353104",NA
"599","10.1080/15226511003671353","field"
"600","10.1016/j.scitotenv.2011.04.029","field"
"601","10.1016/j.ejsobi.2011.03.001","greenhouse"
"602","10.1007/s00572-011-0379-x","pot"
"603","10.1007/s00572-011-0370-6","the nursery"
"604","10.1007/s00572-011-0372-4","greenhouse"
"605","10.1016/j.jenvman.2011.02.015",NA
"606","10.1016/j.jplph.2010.12.019",NA
"607","10.1007/s12011-011-8973-5",NA
"608","10.1007/s00122-010-1501-8",NA
"609","10.1007/s00572-010-0360-0",NA
"610","10.1139/w10-096",NA
"611","10.1016/j.scitotenv.2010.12.019",NA
"612","10.1016/j.scitotenv.2010.11.020","greenhouse"
"613",NA,"pot"
"614","10.1016/j.envpol.2010.11.035","rhizobox experiment"
"615","10.1016/j.phytochem.2010.11.008",NA
"616","10.1007/s00572-010-0343-1",NA
"617","10.1016/j.envpol.2010.09.032","nursery experiment"
"618","10.1007/s00572-010-0340-4","field soil"
"619","10.1016/j.jhazmat.2010.09.004","pot culture"
"620","10.1093/aob/mcq170","pots containing"
"621","10.1093/aob/mcq170"," greenhouse"
"622","10.1080/15226510903051740",NA
"623","10.1016/j.scitotenv.2010.07.064","greenhouse"
"624","10.1016/j.jenvman.2010.07.008",NA
"625","10.1007/s00253-010-2791-0",NA
"626","10.1016/j.jhazmat.2010.05.042",NA
"627","10.1016/j.plaphy.2010.04.002","field"
"628","10.1007/s00572-010-0311-9",NA
"629","10.1100/tsw.2010.59",NA
"630","10.1111/j.1469-8137.2009.03162.x","pots containing"
"631","10.1002/jsfa.3871",NA
"632","10.1073/pnas.0906710107",NA
"633","10.1007/s00572-009-0296-4",NA
"634",NA,NA
"635",NA,NA
"636","10.1007/s00572-009-0294-6","a month"
"637","10.1007/s00572-009-0294-6"," the pots"
"638","10.1007/s00572-009-0294-6"," pot cultures"
"639","10.1007/s00248-009-9618-5",NA
"640","10.1080/15226510902787310",NA
"641","10.1007/s00572-009-0279-5",NA
"642","10.1016/j.chemosphere.2009.08.050","pot"
"643","10.1139/w09-031","greenhouse"
"644","10.1016/j.biortech.2009.07.010",NA
"645","10.1890/07-2080.1","the field"
"646","10.1890/07-2080.1"," the greenhouse"
"647","10.1016/j.chemosphere.2009.05.025","greenhouse experiment"
"648","10.1016/j.scitotenv.2009.05.021",NA
"649","10.1007/s00248-009-9544-6",NA
"650","10.1093/treephys/tpp038",NA
"651","10.1890/08-0419.1",NA
"652","10.1007/s00572-009-0241-6","the field"
"653","10.1007/s00572-009-0241-6"," field"
"654","10.1007/s00442-009-1312-2",NA
"655","10.1016/j.chemosphere.2009.02.008",NA
"656","10.1016/j.chemosphere.2009.01.046",NA
"657","10.1007/s00248-009-9489-9","pot"
"658","10.1007/s00442-009-1294-0","greenhouse"
"659","10.1016/j.envpol.2008.12.030",NA
"660","10.1080/15226510802378483",NA
"661","10.1007/s00572-009-0230-9",NA
"662","10.1016/j.envpol.2008.12.022",NA
"663","10.1007/s00572-009-0228-3","the field"
"664","10.1007/s00572-009-0228-3"," field"
"665","10.1007/s00442-008-1192-x","greenhouse"
"666","10.1890/07-1394.1",NA
"667","10.1139/w08-081","field the"
"668","10.1139/w08-081"," field"
"669","10.1007/s00572-008-0203-4",NA
"670","10.1016/s1001-0742(08)62121-x","microcosm"
"671","10.1016/s1001-0742(08)62121-x"," greenhouse experiment"
"672","10.1111/j.1574-6968.2008.01318.x","greenhouse"
"673","10.1016/j.ecoenv.2008.01.027",NA
"674","10.1007/s00572-008-0178-1","greenhouse"
"675","10.1007/s00572-008-0178-1"," field"
"676","10.1007/s00572-008-0178-1"," the greenhouse"
"677","10.1016/j.chemosphere.2008.03.040","greenhouse"
"678","10.3852/mycologia.100.1.6",NA
"679","10.1890/07-0823.1",NA
"680","10.1016/j.scitotenv.2008.02.003",NA
"681","10.1016/j.envpol.2008.01.003","pot experiment"
"682","10.1055/s-2007-964963",NA
"683","10.1016/j.biortech.2007.11.059","greenhouse"
"684","10.1016/s1001-0742(07)60203-4","glasshouse"
"685","10.1016/j.jenvrad.2007.10.007",NA
"686","10.1016/j.envpol.2007.10.023",NA
"687","10.1111/j.1365-2672.2007.03296.x","glasshouse"
"688","10.1111/j.1365-2672.2007.03296.x"," field greenhouse"
"689","10.1111/j.1365-2672.2007.03296.x"," the field"
"690","10.1016/j.wasman.2007.05.008",NA
"691","10.1016/j.envpol.2007.04.005","greenhouse pot"
"692","10.1016/j.envpol.2007.04.002",NA
"693","10.1016/j.jenvrad.2007.04.001","unplanted"
"694","10.1016/j.jenvrad.2007.04.001"," pot experiment"
"695","10.1007/s10646-007-0149-x",NA
"696","10.2134/jeq2006.0260",NA
"697","10.1016/j.envpol.2007.03.015",NA
"698","10.1016/j.chemosphere.2007.02.068","glasshouse experiment"
"699","10.3923/pjbs.2007.1491.1495",NA
"700","10.1007/s00248-007-9239-9","pot experiment"
"701",NA,"plastic greenhouse"
"702","10.1055/s-2006-955946",NA
"703",NA,"field experiment"
"704","10.1007/s00248-006-9078-0",NA
"705","10.1016/j.envpol.2006.08.005","field experiment"
"706","10.1016/j.scitotenv.2006.07.008","glasshouse"
"707","10.1016/j.envpol.2006.06.029",NA
"708","10.1016/j.chemosphere.2006.07.007",NA
"709","10.1016/j.jhazmat.2006.05.012","field"
"710","10.2134/jeq2005.0271","field"
"711","10.1128/aem.63.11.4408-4412.1997",NA
"712","10.1007/s10653-005-9020-2","pot"
"713","10.1016/j.chemosphere.2006.01.034","glasshouse pot"
"714","10.1111/j.1365-2672.2005.02804.x",NA
"715","10.1055/s-2005-872972",NA
"716","10.1007/s00572-005-0022-9",NA
"717","10.1007/s00572-005-0020-y",NA
"718","10.1111/j.1469-8137.2005.01490.x","glasshouse"
"719","10.1111/j.1469-8137.2005.01490.x"," field the"
"720","10.1007/s00572-005-0018-5",NA
"721","10.1017/s0953756205002832","glasshouse"
"722","10.1007/s00572-005-0003-z","nursery"
"723","10.1007/s00572-005-0003-z"," field the"
"724","10.1007/s00572-005-0003-z"," field"
"725","10.1016/j.chemosphere.2005.01.038","greenhouse experiment"
"726","10.1016/j.envpol.2005.05.009","greenhouse"
"727","10.1016/j.envpol.2005.05.005","greenhouse"
"728","10.1016/j.envint.2005.05.041","glasshouse pot"
"729","10.1016/j.chemosphere.2005.01.029",NA
"730","10.1016/j.jbiotec.2004.12.009",NA
"731","10.1016/j.scitotenv.2004.07.015","greenhouse"
"732","10.1016/j.scitotenv.2004.07.015"," 137cs-contaminated soil"
"733","10.1016/j.chemosphere.2004.10.009",NA
"734","10.1007/s00248-003-0131-y","field experiment"
"735","10.1007/s00442-004-1777-y",NA
"736","10.1007/s00572-004-0321-6",NA
"737","10.1016/j.envpol.2004.02.015",NA
"738","10.1007/s00572-004-0312-7",NA
"739","10.1128/AEM.70.5.2692-2701.2004","field"
"740","10.1128/AEM.70.5.2692-2701.2004"," field"
"741","10.1016/S0960-8524(03)00198-6",NA
"742","10.1046/j.1469-8137.2003.00938.x","the concentration microcosms"
"743","10.1007/s00572-003-0289-7","pots"
"744","10.2134/jeq2003.2001","the greenhouse"
"745","10.2134/jeq2003.2001"," pots"
"746","10.1139/w03-073",NA
"747","10.1007/s00572-003-0281-2","glasshouse"
"748","10.1007/s00572-003-0281-2"," pots containing"
"749","10.1007/s00572-003-0224-y",NA
"750","10.1007/s00572-003-0274-1","field experiment"
"751","10.1007/s00572-003-0265-2","february"
"752","10.1007/s00572-003-0265-2"," the field"
"753","10.1007/s00572-003-0265-2"," field"
"754","10.1007/s00572-002-0213-6","greenhouse"
"755","10.1007/s00572-002-0213-6"," the field"
"756","10.1007/s00572-002-0213-6"," pot cultures"
"757","10.1016/s0269-7491(03)00195-7",NA
"758","10.1046/j.1469-8137.2003.00688.x","pots"
"759","10.1046/j.1469-8137.2003.00688.x"," pots inoculated"
"760","10.1046/j.1469-8137.2003.00688.x"," pots these"
"761","10.1007/s00267-002-2879-0","field experiment"
"762","10.1093/treephys/23.3.157",NA
"763","10.1016/s0045-6535(02)00323-5",NA
"764","10.1007/s00442-002-1022-5","mesocosms"
"765","10.1007/s00572-001-0147-4",NA
"766","10.1093/jexbot/53.371.1207","pots containing"
"767","10.1093/jexbot/53.371.1177","soil/sand pot"
"768","10.1007/s00572-001-0140-y",NA
"769","10.3732/ajb.89.2.337","greenhouse"
"770","10.1046/j.0028-646X.2001.00265.x","nursery"
"771","10.1078/0944-5013-00095",NA
"772","10.1007/s005720100122",NA
"773","10.1093/jexbot/51.347.1117",NA
"774","10.1046/j.1469-8137.1999.00471.x","the month"
"775","10.1007/s004420050685",NA
"776",NA,NA
"777","10.1007/s005720050190",NA
"778","10.1046/j.1469-8137.1997.00786.x","nursery"
"779","10.1046/j.1469-8137.1997.00786.x"," field"
"780",NA,NA
"781",NA,"nursery"
"782","10.1016/0269-7491(95)00081-x","pots"
"783","10.1016/0269-7491(95)00081-x"," a greenhouse"
"784","10.1016/0269-7491(95)93444-5",NA
"785","10.1016/0269-7491(94)90188-0","forage"
"786","10.1104/pp.101.3.1063","mmol co2 d-1"
"787","10.1104/pp.101.3.1063"," mmol"
"788","10.1007/BF00317489",NA
"789","10.1007/BF01225356",NA
"790","10.1111/j.1469-8137.1990.tb00376.x",NA
"791",NA,"pot"
