"","study_id","LANDUSE"
"1","10.1080/12298093.2024.2360750",NA
"2","10.1093/jambio/lxae161","vineyard"
"3","10.1016/j.scitotenv.2024.173975","dryland crops"
"4","10.1016/j.scitotenv.2024.173975"," crop"
"5","10.1016/j.scitotenv.2024.173975"," crop also"
"6","10.1016/j.scitotenv.2024.173975"," % crop planted"
"7","10.1016/j.scitotenv.2024.173552",NA
"8","10.1002/ece3.11442","restoration"
"9","10.1002/ece3.11442"," ecological restoration"
"10","10.1007/s42770-024-01390-2","undergoing recovery"
"11","10.1007/s42770-024-01390-2"," coal mining"
"12","10.1007/s42770-024-01390-2"," degraded"
"13","10.1007/s42770-024-01390-2"," succession"
"14","10.1007/s42770-024-01390-2"," coal-mining"
"15","10.1007/s00572-024-01151-x",NA
"16","10.1080/15226514.2024.2353389","different histories"
"17","10.1080/15226514.2024.2353389"," heavy metals"
"18","10.1080/15226514.2024.2353389"," histories pollution"
"19","10.1016/j.heliyon.2024.e30484",NA
"20","10.1093/hr/uhae067",NA
"21","10.3389/fpls.2024.1364469","agricultural"
"22","10.3389/fpls.2024.1364469"," agronomic"
"23","10.3389/fpls.2024.1364469"," food crops"
"24","10.3389/fpls.2024.1385245","agriculture"
"25","10.1186/s12870-024-05032-5",NA
"26","10.3389/fmicb.2024.1288865","crop"
"27","10.1016/j.micres.2024.127708","crops worldwide"
"28","10.1016/j.micres.2024.127708"," crop"
"29","10.1007/s00284-024-03662-4",NA
"30","10.1016/j.crmicr.2024.100229",NA
"31","10.1590/1519-6984.276160",NA
"32","10.1016/j.jenvman.2024.120673",NA
"33","10.1093/treephys/tpae029",NA
"34","10.1007/s11356-024-32755-7","chromium remediation"
"35","10.1007/s11356-024-32755-7"," chromium contamination"
"36","10.1007/s00572-024-01139-7",NA
"37","10.1111/ppl.14205","heavy metal"
"38","10.1111/ppl.14205"," nutrient-deficient metal-contaminated"
"39","10.1016/j.ecoenv.2024.116157","heavy metal"
"40","10.1128/spectrum.03427-23","agricultural"
"41","10.1128/spectrum.03427-23"," heavy metal"
"42","10.1128/spectrum.03427-23"," heavy metals"
"43","10.1128/spectrum.03427-23"," metal importanceheavy contamination"
"44","10.1080/15226514.2024.2315471","degraded"
"45","10.1080/15226514.2024.2315471"," remediation"
"46","10.1080/15226514.2024.2315471"," the restoration"
"47","10.1080/15226514.2024.2315471"," contaminated"
"48","10.1080/15226514.2024.2315471"," rehabilitating"
"49","10.3389/fpls.2024.1303750","agricultural"
"50","10.3389/fpls.2024.1303750"," agronomic"
"51","10.1016/j.heliyon.2024.e24820","agricultural"
"52","10.1016/j.heliyon.2024.e24820"," sustainable agriculture"
"53","10.1016/j.scitotenv.2024.170417","crop"
"54","10.3390/microorganisms12010075",NA
"55","10.1007/s11356-024-31870-9","cadmium cd contamination"
"56","10.1002/jobm.202300424",NA
"57","10.1007/s12298-023-01369-7",NA
"58","10.1007/s10123-023-00466-7","crops"
"59","10.1007/s10123-023-00466-7"," agricultural"
"60","10.1007/s10123-023-00466-7"," crops fungi"
"61","10.1111/nph.19493","agricultural"
"62","10.1111/nph.19493"," crop"
"63","10.3390/plants12244171","potato crops"
"64","10.3390/plants12244171"," the common crops"
"65","10.3390/plants12244088","urban"
"66","10.3390/plants12244088"," the grassland artificial restorations"
"67","10.3390/jof9121152","agricultural"
"68","10.3390/jof9121152"," sustainable agriculture"
"69","10.3390/plants12234012","mine"
"70","10.1111/pce.14771",NA
"71","10.1016/j.jenvman.2023.119509","grassland degradation"
"72","10.1016/j.jenvman.2023.119509"," grassland restoration"
"73","10.1016/j.jenvman.2023.119509"," degraded"
"74","10.1016/j.envpol.2023.122841","arsenic pollution"
"75","10.1016/j.envpol.2023.122841"," restoration"
"76","10.1007/s10886-023-01455-w",NA
"77","10.3390/jof9100977",NA
"78","10.1007/s13205-023-03793-8","se toxicity"
"79","10.1007/s13205-023-03793-8"," seleniferous region"
"80","10.1007/s13205-023-03793-8"," seleniferous non-seleniferous"
"81","10.1093/treephys/tpad130",NA
"82","10.3390/plants12193426","oil crop"
"83","10.3390/plants12193426"," agronomic"
"84","10.1007/s00572-023-01126-4","crop"
"85","10.1007/s00572-023-01126-4"," crop"
"86","10.1016/j.envres.2023.117219",NA
"87","10.1016/j.scitotenv.2023.167289","chromium cr contamination"
"88","10.1016/j.scitotenv.2023.167289"," soil heavy metal"
"89","10.7717/peerj.15686","crop"
"90","10.7717/peerj.15686"," sustainable agriculture"
"91","10.1016/j.ecoenv.2023.115458","crop"
"92","10.1016/j.ecoenv.2023.115458"," cd-polluted"
"93","10.3389/fpls.2023.1206047","agroforestry"
"94","10.3390/microorganisms11082012","organic farming"
"95","10.3390/microorganisms11082012"," organic farm"
"96","10.3390/microorganisms11082012"," crop"
"97","10.3390/microorganisms11082012"," both crops"
"98","10.3390/microorganisms11082012"," organic farmed"
"99","10.3389/fpls.2023.1222557","crop cultivation"
"100","10.3389/fpls.2023.1222557"," degraded"
"101","10.3390/toxics11070582","remediation"
"102","10.3390/toxics11070582"," toxic"
"103","10.1111/gcb.16886",NA
"104","10.1093/aob/mcad095",NA
"105","10.3389/fmicb.2023.1184070","pollution"
"106","10.3389/fmicb.2023.1184070"," mine"
"107","10.3389/fmicb.2023.1184070"," a cu mine"
"108","10.3389/fmicb.2023.1184070"," mining"
"109","10.1016/j.envpol.2023.122146","crop consequently"
"110","10.1016/j.envpol.2023.122146"," contamination this"
"111","10.1016/j.envpol.2023.122146"," soil contamination"
"112","10.3390/jof9060684","hm various contamination sampling"
"113","10.3390/jof9060684"," heavy metal"
"114","10.3390/jof9060684"," the remediation"
"115","10.3390/jof9060684"," shuikoushan lead/zinc mining"
"116","10.3390/jof9060677","toxicity"
"117","10.3390/jof9060677"," heavy metals"
"118","10.3390/jof9060677"," the restoration"
"119","10.3390/jof9060677"," contaminated"
"120","10.3390/jof9060677"," contamination"
"121","10.1016/j.scitotenv.2023.164970","heavy metal"
"122","10.1016/j.scitotenv.2023.164970"," contaminants"
"123","10.1016/j.scitotenv.2023.164970"," heavy metals"
"124","10.3389/fmicb.2023.1131797",NA
"125","10.3389/fpls.2023.1134995","restoration"
"126","10.3389/fpls.2023.1134995"," ecological restoration"
"127","10.3389/fpls.2023.1134995"," mining"
"128","10.3390/microorganisms11051144",NA
"129","10.3390/microorganisms11051113","degradation"
"130","10.3390/microorganisms11051113"," undisturbed site"
"131","10.3390/microorganisms11051113"," disturbed site"
"132","10.3390/plants12112195",NA
"133","10.3390/life13051118",NA
"134","10.3390/jof9050540","impacted"
"135","10.3390/plants12091908","crop two-rowed barley"
"136","10.3390/plants12091908"," crop"
"137","10.3390/plants12091908"," conventional organic cropping"
"138","10.1093/treephys/tpad064","wood production"
"139","10.3390/jof9040479","heavy metals"
"140","10.3390/biology12040628","a secondary crop"
"141","10.3390/biology12040628"," agro-forest"
"142","10.3390/biology12040628"," mixed truffle-oak-amf-map plantations"
"143","10.1186/s12284-023-00635-2",NA
"144","10.1016/j.ecoenv.2023.114776","heavy metal"
"145","10.1016/j.ecoenv.2023.114776"," the remediation"
"146","10.1016/j.ecoenv.2023.114776"," soil heavy metal"
"147","10.1016/j.micres.2023.127350",NA
"148","10.3389/fpls.2023.1140467",NA
"149","10.3390/plants12051184","ex-arable"
"150","10.3390/plants12051184"," restoration"
"151","10.3390/plants12051184"," us grassland restorations faberi"
"152","10.1186/s12870-023-04111-3",NA
"153","10.3389/fpls.2023.1101932",NA
"154","10.3390/plants12030547","heavy metal"
"155","10.3390/plants12030547"," remediation"
"156","10.3390/plants12030547"," metal contamination"
"157","10.3390/plants12030547"," heavy metal"
"158","10.1007/s00442-023-05329-6",NA
"159","10.3390/microorganisms11010050",NA
"160","10.1007/s00284-022-03145-4","agricultural"
"161","10.1007/s00284-022-03145-4"," crop"
"162","10.1007/s00284-022-03145-4"," ecological restoration"
"163","10.1007/s00284-022-03145-4"," agriculture legume"
"164","10.1016/j.scitotenv.2022.160616","succession forest"
"165","10.1016/j.scitotenv.2022.160616"," forest disturbances"
"166","10.1016/j.scitotenv.2022.160616"," grassland succession"
"167","10.1016/j.scitotenv.2022.160616"," successional"
"168","10.1016/j.scitotenv.2022.160616"," late-successional"
"169","10.1016/j.scitotenv.2022.160550","successional"
"170","10.1016/j.scitotenv.2022.160550"," plant succession"
"171","10.1016/j.scitotenv.2022.160550"," primary successional"
"172","10.3390/microorganisms10112287",NA
"173","10.3389/fpls.2022.1022319",NA
"174","10.3389/fpls.2022.993301","toxic"
"175","10.3389/fpls.2022.993301"," afforestation"
"176","10.3389/fpls.2022.993301"," biorestoration"
"177","10.3389/fpls.2022.993301"," element contamination"
"178","10.3389/fpls.2022.993301"," bioremediation"
"179","10.3389/fpls.2022.993301"," biofertilization"
"180","10.1007/s11356-022-23919-4","toxic"
"181","10.1016/j.chemosphere.2022.137106","mine"
"182","10.1016/j.chemosphere.2022.137106"," heavy metals"
"183","10.1007/s00248-022-02132-3",NA
"184","10.3389/fpls.2022.1015947",NA
"185","10.3390/toxics10100574","heavy metal"
"186","10.3390/toxics10100574"," the intercropping"
"187","10.3390/toxics10100574"," agricultural"
"188","10.3390/toxics10100574"," intercropping the"
"189","10.3390/toxics10100574"," contaminated"
"190","10.3390/toxics10100565",NA
"191","10.1080/15592324.2022.2134676",NA
"192","10.1186/s12870-022-03790-8","crop"
"193","10.1186/s12870-022-03790-8"," ecological restoration"
"194","10.3389/fpls.2022.968719",NA
"195","10.1186/s12864-022-08797-x","biofuel this crop"
"196","10.1186/s12864-022-08797-x"," switchgrass"
"197","10.1186/s12864-022-08797-x"," crop"
"198","10.1186/s12864-022-08797-x"," biofuel feedstock"
"199","10.1186/s12864-022-08797-x"," an emerging biofuel feedstock"
"200","10.1016/j.envpol.2022.120309","heavy metal"
"201","10.3389/fmicb.2022.1006140",NA
"202","10.3390/plants11172276","restoration"
"203","10.3389/fpls.2022.965576",NA
"204","10.1007/s11356-022-22540-9","an emerging contaminant"
"205","10.3389/fpls.2022.845794","cannabis cultivation"
"206","10.3389/fpls.2022.947547","many crops"
"207","10.3389/fmicb.2022.827293","human land use disturbance"
"208","10.3389/fmicb.2022.827293"," agriculture"
"209","10.3389/fmicb.2022.827293"," tallgrass prairie restorations"
"210","10.3390/plants11141860","the mining"
"211","10.3390/plants11141860"," oil sands"
"212","10.1038/s41598-022-17075-5","contamination level"
"213","10.1038/s41598-022-17075-5"," soil contamination level"
"214","10.1038/s41598-022-17075-5"," slightly moderately highly polluted"
"215","10.1038/s41396-022-01293-w",NA
"216","10.1002/fes3.370","all cereal crops"
"217","10.1002/fes3.370"," crop"
"218","10.1002/fes3.370"," cereal crops"
"219","10.1002/fes3.370"," crops"
"220","10.3390/plants11131780","crop"
"221","10.3390/plants11131780"," crop this"
"222","10.3390/plants11131780"," different crops"
"223","10.3390/plants11131743","crop"
"224","10.3390/plants11131743"," agronomic"
"225","10.3390/plants11131743"," tomato crops"
"226","10.1016/j.envpol.2022.119661","agriculture"
"227","10.3389/fpls.2022.898378",NA
"228","10.3389/fpls.2022.892826","crop"
"229","10.3389/fpls.2022.892826"," restoration"
"230","10.3389/fpls.2022.892826"," urban"
"231","10.3389/fpls.2022.892826"," over-exploitation habitat destruction"
"232","10.3389/fpls.2022.898969",NA
"233","10.1016/j.plantsci.2022.111308",NA
"234","10.3389/fmicb.2022.881442","agricultural"
"235","10.1016/j.jhazmat.2022.129077","heavy metal"
"236","10.1016/j.jhazmat.2022.129077"," biological toxicity"
"237","10.1016/j.jhazmat.2022.129077"," agricultural"
"238","10.1016/j.jhazmat.2022.129077"," cadmium cd pollution"
"239","10.1016/j.jhazmat.2022.129077"," contaminated"
"240","10.1016/j.jhazmat.2022.129077"," sensitive crops"
"241","10.3390/microorganisms10051042","crop"
"242","10.3389/fpls.2022.880181",NA
"243","10.1007/s11356-022-19838-z","coal mining"
"244","10.1080/15226514.2022.2071832",NA
"245","10.1371/journal.pone.0266526","succession"
"246","10.3390/life12040497",NA
"247","10.1002/ps.6923","crops"
"248","10.1002/ps.6923"," agriculture"
"249","10.1002/ps.6923"," crop the bean"
"250","10.1186/s12870-022-03514-y",NA
"251","10.3390/plants11070861",NA
"252","10.3389/fmicb.2022.814323",NA
"253","10.7717/peerj.13080",NA
"254","10.3390/molecules27061752",NA
"255","10.1111/plb.13402",NA
"256","10.1007/s00203-022-02786-0","agricultural"
"257","10.1016/j.scitotenv.2022.153696","reclamation"
"258","10.1016/j.scitotenv.2022.153696"," heavy metal"
"259","10.1016/j.scitotenv.2022.153696"," agricultural"
"260","10.1016/j.scitotenv.2022.153696"," coal mine"
"261","10.1016/j.scitotenv.2022.153696"," soil heavy metal"
"262","10.1016/j.scitotenv.2022.153696"," soil heavy metals"
"263","10.1016/j.scitotenv.2022.153696"," contaminated"
"264","10.3390/plants11010089","crop"
"265","10.1007/s00248-021-01945-y","urban post-industrial"
"266","10.1007/s00248-021-01945-y"," the natural regeneration succession"
"267","10.1007/s00248-021-01945-y"," regeneration succession"
"268","10.1007/s00248-021-01945-y"," urban"
"269","10.1007/s00248-021-01945-y"," remediation restoration"
"270","10.1007/s00572-021-01059-w",NA
"271","10.3390/plants10122716","soil degradation"
"272","10.1007/s00284-021-02682-8",NA
"273","10.1038/s41598-021-03132-y",NA
"274","10.1002/eap.2501","crops the other"
"275","10.1002/eap.2501"," crops the"
"276","10.1002/eap.2501"," crops the alfalfa legume"
"277","10.1002/eap.2501"," major crops cultivated"
"278","10.1002/eap.2501"," crops microbes"
"279","10.1002/eap.2501"," agricultural"
"280","10.1002/eap.2501"," crop"
"281","10.1002/eap.2501"," crop each grown"
"282","10.1002/eap.2501"," crops"
"283","10.1002/eap.2501"," crop each"
"284","10.1002/ppp3.10094","summary arable agriculture"
"285","10.1002/ppp3.10094"," pollution"
"286","10.1002/ppp3.10094"," crop"
"287","10.1002/ppp3.10094"," agricultural"
"288","10.1002/ppp3.10094"," heavy application"
"289","10.1016/j.crmicr.2021.100061","land degradation problems"
"290","10.1016/j.crmicr.2021.100061"," land degradation posing"
"291","10.1371/journal.pone.0259959","ecological restoration"
"292","10.1016/j.scitotenv.2021.151803",NA
"293","10.1007/s11356-021-17256-1",NA
"294","10.1016/j.scitotenv.2021.151649",NA
"295","10.1080/15226514.2021.2002809","remediation"
"296","10.1080/15226514.2021.2002809"," the remediation"
"297","10.1007/s00572-021-01057-y","agricultural expansion"
"298","10.1007/s00572-021-01057-y"," forest restoration"
"299","10.1007/s00572-021-01057-y"," deforested areas"
"300","10.1007/s00572-021-01057-y"," forest regeneration"
"301","10.3389/fpls.2021.740524","crops"
"302","10.3389/fpls.2021.740524"," crop"
"303","10.1016/j.sjbs.2021.08.016","crop"
"304","10.3390/plants10091948",NA
"305","10.3390/microorganisms9091803","rhizosphere biotopes"
"306","10.1038/s41598-021-97674-w",NA
"307","10.1016/j.scitotenv.2021.149904","mining"
"308","10.3390/molecules26175321","polluted"
"309","10.1016/j.jhazmat.2021.125894",NA
"310","10.1016/j.scitotenv.2021.149843","coal mining"
"311","10.1016/j.scitotenv.2021.149843"," impacted"
"312","10.1016/j.scitotenv.2021.149843"," coal mine"
"313","10.1016/j.scitotenv.2021.149843"," degraded"
"314","10.1007/s00572-021-01048-z",NA
"315","10.1007/s00248-021-01841-5",NA
"316","10.1016/j.jenvman.2021.113516",NA
"317","10.1016/j.jtbi.2021.110859","agricultural"
"318","10.1016/j.jtbi.2021.110859"," restoration"
"319","10.1038/s41598-021-94092-w","crops"
"320","10.3389/fpls.2021.693044","intercropping"
"321","10.3389/fpls.2021.693044"," intercropped"
"322","10.3389/fpls.2021.693044"," degraded"
"323","10.3389/fpls.2021.693044"," remediation"
"324","10.3389/fpls.2021.693044"," polychlorinated biphenyls"
"325","10.3389/fpls.2021.693044"," degradation"
"326","10.3389/fpls.2021.693044"," vacant lands"
"327","10.3389/fpls.2021.693044"," contaminants"
"328","10.3389/fpls.2021.693044"," intercropping"
"329","10.3389/fpls.2021.693044"," peri-urban"
"330","10.3389/fpls.2021.693044"," contaminated"
"331","10.1007/s11356-021-15326-y","remediation"
"332","10.1007/s11356-021-15326-y"," heavy metal"
"333","10.1007/s00128-021-03329-x","pollution"
"334","10.3390/plants10071333","agronomic"
"335","10.1007/s11356-021-15045-4","contaminated"
"336","10.1007/s11356-021-15045-4"," metal(loid)-contaminated site"
"337","10.1002/jsfa.11382","pasture farming"
"338","10.1007/s11356-021-14821-6","soil contamination"
"339","10.1007/s11356-021-14821-6"," heavy metals"
"340","10.3390/plants10050950","agronomic"
"341","10.3390/plants10050950"," a lettuce crop"
"342","10.3390/jof7050361",NA
"343","10.1016/j.scitotenv.2021.147944","aromatic crops sage"
"344","10.1016/j.scitotenv.2021.147944"," remediation"
"345","10.1016/j.scitotenv.2021.147944"," agricultural"
"346","10.1016/j.scitotenv.2021.147944"," the contaminants"
"347","10.1016/j.scitotenv.2021.147944"," the restoration"
"348","10.1016/j.scitotenv.2021.147944"," te-polluted"
"349","10.1016/j.scitotenv.2021.147943","contamination"
"350","10.1016/j.scitotenv.2021.147943"," toxicity"
"351","10.13287/j.1001-9332.202105.022","amf legume crop utilization"
"352","10.13287/j.1001-9332.202105.022"," legume crop"
"353","10.1111/ppl.13454",NA
"354","10.1016/j.ecoenv.2021.112154",NA
"355","10.1007/s00572-021-01031-8",NA
"356","10.3389/fmicb.2021.618169","crop"
"357","10.1186/s12870-021-02949-z",NA
"358","10.1007/s11356-021-13755-3","crop"
"359","10.3389/fpls.2021.614162",NA
"360","10.1016/j.ecoenv.2021.112170","chlorinated contaminants"
"361","10.1016/j.ecoenv.2021.112170"," degradation pcb"
"362","10.1016/j.ecoenv.2021.112170"," pcbs"
"363","10.1016/j.ecoenv.2021.112170"," polychlorinated biphenyls"
"364","10.1016/j.ecoenv.2021.112170"," degradation soil pcb ryegrass"
"365","10.1016/j.ecoenv.2021.112170"," degradation"
"366","10.1016/j.ecoenv.2021.112170"," degradation biphenyls growth"
"367","10.1007/s00572-021-01028-3",NA
"368","10.13227/j.hjkx.202008154","desertification"
"369","10.13227/j.hjkx.202008154"," the ecological restoration"
"370","10.1038/s41598-021-85497-8",NA
"371","10.1016/j.ecoenv.2021.112072","crop"
"372","10.1016/j.ecoenv.2021.112072"," contamination"
"373","10.1016/j.ecoenv.2021.112072"," agriculture"
"374","10.1002/jeq2.20212","toxic"
"375","10.1002/jeq2.20212"," most environmentally degraded"
"376","10.1002/jeq2.20212"," contaminants"
"377","10.1002/jeq2.20212"," bonariensis am-colonized s."
"378","10.1002/jeq2.20212"," highly polluted"
"379","10.3389/fpls.2021.617892",NA
"380","10.1007/s00248-021-01710-1","an important food crop"
"381","10.1007/s00248-021-01710-1"," crop"
"382","10.1007/s00128-021-03113-x","metal contamination"
"383","10.1007/s00128-021-03113-x"," heavy metal"
"384","10.1016/j.ecoenv.2021.111996","lanthanum"
"385","10.1016/j.ecoenv.2021.111996"," contaminated"
"386","10.1016/j.ecoenv.2021.111996"," heavy metals"
"387","10.1016/j.envpol.2021.116499","conventional agriculture"
"388","10.1016/j.envpol.2021.116499"," the element bioaccumulation"
"389","10.3389/fmicb.2020.586050","soil contamination"
"390","10.3389/fmicb.2020.586050"," te-contaminated"
"391","10.3389/fmicb.2020.586050"," te"
"392","10.3389/fmicb.2020.586050"," agricultural"
"393","10.3389/fmicb.2020.586050"," soil biotopes"
"394","10.1016/j.sjbs.2020.09.053","agricultural"
"395","10.1016/j.sjbs.2020.09.053"," crop"
"396","10.1007/s11356-020-12131-x","cultivation"
"397","10.1007/s11356-020-12131-x"," farmland"
"398","10.1007/s11356-020-12131-x"," wasteland farmland"
"399","10.1007/s11356-020-12131-x"," slopeland"
"400","10.1007/s11356-020-12131-x"," wasteland farmland slopeland"
"401","10.1007/s11356-020-12131-x"," simulated heavy rainfall"
"402","10.1007/s11356-020-12131-x"," farmland slopeland"
"403","10.3390/plants9121801","aluminium"
"404","10.1111/jam.14951","yield-related"
"405","10.1111/jam.14951"," agriculture"
"406","10.3389/fpls.2020.516818",NA
"407","10.1016/j.envpol.2020.115980",NA
"408","10.1016/j.jhazmat.2020.124325","crops"
"409","10.1016/j.jhazmat.2020.124325"," agricultural"
"410","10.1016/j.jhazmat.2020.124325"," intercropping"
"411","10.1016/j.jhazmat.2020.124325"," lower bioaccumulation transfer"
"412","10.3390/microorganisms8111695","agricultural"
"413","10.1007/s10646-020-02298-x","agroecosystems"
"414","10.3390/ijms21217987",NA
"415","10.1007/s00572-020-00991-7","contaminated"
"416","10.1007/s00572-020-00991-7"," rare-earth-contaminated soils"
"417","10.1007/s00572-020-00991-7"," over-exploitation soil contamination"
"418","10.1007/s00572-020-00991-7"," over-exploitation contamination"
"419","10.1016/j.ecoenv.2020.111495","cu mine"
"420","10.1016/j.ecoenv.2020.111495"," mine"
"421","10.1016/j.ecoenv.2020.111495"," the remediation"
"422","10.1007/s11356-020-10636-z","pb-mining"
"423","10.1371/journal.pone.0234099",NA
"424","10.3390/plants9080975","cd contamination"
"425","10.1016/j.micres.2020.126556",NA
"426","10.1016/j.ecoenv.2020.110988","contaminated"
"427","10.1016/j.ecoenv.2020.110988"," the remediation"
"428","10.1016/j.jtemb.2020.126594","artificially contaminated"
"429","10.1016/j.jtemb.2020.126594"," contaminated"
"430","10.13227/j.hjkx.201906119",NA
"431","10.3390/plants9070804","vegetable crops"
"432","10.3390/plants9070804"," farming"
"433","10.1016/j.ecoenv.2020.110869","agricultural"
"434","10.1016/j.ecoenv.2020.110869"," heavy metal"
"435","10.1016/j.ecoenv.2020.110869"," polluted"
"436","10.1016/j.ecoenv.2020.110869"," chromium contamination"
"437","10.3390/jof6020087","a decommissioned industrial landfill"
"438","10.3390/microorganisms8060899","peat"
"439","10.3390/microorganisms8060899"," glandular"
"440","10.1007/s00572-020-00962-y",NA
"441","10.1007/978-1-0716-0603-2_3",NA
"442","10.1007/s00572-020-00957-9","crop"
"443","10.1007/s00572-020-00957-9"," agronomic"
"444","10.3390/microorganisms8040602","contaminated contaminated contamination not"
"445","10.3390/microorganisms8040602"," contaminated contaminated"
"446","10.3390/microorganisms8040602"," contaminated sediments"
"447","10.3390/microorganisms8040602"," agricultural"
"448","10.3390/microorganisms8040602"," crop"
"449","10.3390/microorganisms8040602"," substrate contamination"
"450","10.3390/microorganisms8040602"," the substrate contamination"
"451","10.3390/microorganisms8040602"," contaminated non-contaminated"
"452","10.3390/microorganisms8040602"," contaminated"
"453","10.1186/s40529-020-00290-6",NA
"454","10.3390/jof6020044","agricultural"
"455","10.3390/jof6020044"," a biofuel crop sorghum grown"
"456","10.3390/jof6020044"," disturbed"
"457","10.3390/jof6020044"," mo-mine"
"458","10.1016/j.envpol.2020.114406","cultivation"
"459","10.1016/j.envpol.2020.114406"," slopeland surrounding"
"460","10.1016/j.envpol.2020.114406"," wasteland farmland"
"461","10.1016/j.envpol.2020.114406"," a lead-zinc mine"
"462","10.1016/j.envpol.2020.114406"," simulated heavy rainfall"
"463","10.1016/j.ecoenv.2020.110485","crops"
"464","10.1016/j.ecoenv.2020.110485"," remediation"
"465","10.1016/j.ecoenv.2020.110485"," contaminated"
"466","10.1016/j.ecoenv.2020.110485"," co-contaminated"
"467","10.3389/fpls.2020.00072","crop"
"468","10.3390/microorganisms8030364","grassland degradation"
"469","10.3390/microorganisms8030364"," degraded"
"470","10.3390/ijms21051748","crop"
"471","10.3390/microorganisms8030327","salt-alkali grassland restoration"
"472","10.1080/15226514.2020.1725867","artificially contaminated"
"473","10.1038/s41598-020-59447-9","ecological restoration"
"474","10.1038/s41598-020-59447-9"," mining"
"475","10.3390/microorganisms8020230",NA
"476","10.1007/s11356-020-07886-2","remediation the t4 treatment-combined using"
"477","10.1007/s11356-020-07886-2"," ecological remediation"
"478","10.1007/s11356-020-07886-2"," soil desertification"
"479","10.1007/s11356-020-07886-2"," ecological remediation effective"
"480","10.1007/s11356-020-07886-2"," ganzhou ion-type rare earth mine"
"481","10.1007/s00442-020-04598-9",NA
"482","10.1007/s11356-020-07781-w","silver nanoparticles"
"483","10.1007/s11356-020-07781-w"," emerging contaminant"
"484","10.1016/j.scitotenv.2019.136294","arable"
"485","10.1016/j.scitotenv.2019.136294"," edible crops grown"
"486","10.1016/j.scitotenv.2019.136294"," cereal"
"487","10.1016/j.jenvman.2019.109982","crop"
"488","10.1016/j.jhazmat.2019.121873",NA
"489","10.1007/s11356-019-07300-6","toxic"
"490","10.1007/s00572-019-00927-w",NA
"491","10.3390/microorganisms7120651","crop"
"492","10.3389/fmicb.2019.02634",NA
"493","10.3389/fmicb.2019.02591",NA
"494","10.1007/s11356-019-06785-5","agricultural"
"495","10.1007/s11356-019-06785-5"," the sustainable agriculture"
"496","10.1007/s11356-019-06785-5"," heavy metals"
"497","10.1007/s10661-019-7873-6","restoration"
"498","10.1007/s10661-019-7873-6"," mining"
"499","10.1007/s10661-019-7873-6"," overburden dump mine spoil"
"500","10.1007/s10661-019-7873-6"," mine"
"501","10.1007/s10661-019-7873-6"," the overburden dumps"
"502","10.1007/s10661-019-7873-6"," restoration"
"503","10.1007/s10661-019-7873-6"," dump the mine"
"504","10.1007/s10661-019-7873-6"," heavy metals"
"505","10.1007/s10661-019-7873-6"," overburden dump the"
"506","10.1007/s10661-019-7873-6"," coal mine"
"507","10.1002/jsfa.10166","agricultural"
"508","10.1002/jsfa.10166"," crop"
"509","10.1016/j.ecoenv.2019.109783",NA
"510","10.1038/s41598-019-51369-5",NA
"511","10.1038/s41598-019-50354-2",NA
"512","10.1016/j.chemosphere.2019.124710",NA
"513","10.1007/s00572-019-00914-1",NA
"514","10.3390/microorganisms7090289",NA
"515","10.1007/s42770-019-00125-y",NA
"516","10.3389/fpls.2019.00843","second-generation biofuel"
"517","10.3389/fpls.2019.00843"," agricultural soil degradation"
"518","10.3389/fpls.2019.00843"," agricultural degradation"
"519","10.3389/fpls.2019.00843"," crop"
"520","10.3389/fpls.2019.00843"," second-generation energy crops"
"521","10.1002/ecy.2855","successional"
"522","10.3389/fpls.2019.00895","agricultural"
"523","10.3389/fpls.2019.00895"," arable"
"524","10.3389/fpls.2019.00895"," conventional"
"525","10.3389/fpls.2019.00895"," crop"
"526","10.1016/j.ecoenv.2019.109476",NA
"527","10.1016/j.jenvman.2019.06.130","polluted"
"528","10.1016/j.jenvman.2019.06.130"," highly polluted"
"529","10.1016/j.jenvman.2019.06.130"," heavy metals"
"530","10.1016/j.jenvman.2019.06.130"," mining"
"531","10.1016/j.jenvman.2019.06.123","agricultural"
"532","10.1016/j.ecoenv.2019.109383","soil contamination"
"533","10.1016/j.ecoenv.2019.109383"," contaminated"
"534","10.1016/j.chemosphere.2019.06.160",NA
"535","10.1016/j.jhazmat.2019.120813",NA
"536","10.1371/journal.pone.0218969","subsistent agriculture"
"537","10.1007/s00572-019-00900-7","metal hm toxicity"
"538","10.1007/s00572-019-00900-7"," heavy metal"
"539","10.1111/nph.15993","successive droughts"
"540","10.1007/s00572-019-00898-y","restoration"
"541","10.1007/s00572-019-00898-y"," heavy metals"
"542","10.1016/j.envpol.2019.03.060","incalculable environmental degradation"
"543","10.1007/s11356-019-05323-7","agricultural crops"
"544","10.3390/molecules24081603","crop"
"545","10.3390/molecules24081603"," legume crops"
"546","10.1039/c8ra10442e",NA
"547","10.1007/s00572-019-00890-6",NA
"548","10.1016/j.chemosphere.2018.12.211","soil co-contaminated"
"549","10.34133/2019/5893953","a crop crop cereal barley"
"550","10.34133/2019/5893953"," a vegetable crop crop tomato"
"551","10.34133/2019/5893953"," crop cereal"
"552","10.1007/s00572-019-00884-4","agricultural"
"553","10.1007/s00572-019-00884-4"," crop"
"554","10.1007/s00572-019-00884-4"," crop the corn following"
"555","10.1371/journal.pone.0213672","agricultural"
"556","10.1371/journal.pone.0213672"," mixture sole crops"
"557","10.3390/foods8030090","agricultural"
"558","10.3390/foods8030090"," agriculture"
"559","10.3390/foods8030090"," a cultivated crop"
"560","10.7717/peerj.6421",NA
"561","10.1007/s00572-019-00883-5","gm crops"
"562","10.1007/s00572-019-00883-5"," modified gm crops"
"563","10.3389/fpls.2018.01906","copper contamination"
"564","10.3389/fpls.2018.01906"," a vineyard"
"565","10.3389/fpls.2018.01906"," agricultural"
"566","10.3389/fpls.2018.01906"," an arenosol"
"567","10.3389/fpls.2018.01906"," artificially contaminated"
"568","10.3389/fpls.2018.01906"," replanted"
"569","10.1007/s11356-019-04256-5",NA
"570","10.1111/1758-2229.12729",NA
"571","10.1016/j.ecoenv.2018.12.097",NA
"572","10.1016/j.scitotenv.2018.11.317","heavy metal"
"573","10.1002/ajb2.1206",NA
"574","10.3389/fpls.2018.01611",NA
"575","10.3389/fpls.2018.01631","the important crops"
"576","10.3389/fpls.2018.01631"," agricultural"
"577","10.3389/fpls.2018.01605","low-resource"
"578","10.1016/j.chemosphere.2018.11.085",NA
"579","10.13287/j.1001-9332.201809.034","crops"
"580","10.13287/j.1001-9332.201809.034"," am+psb"
"581","10.1016/j.ecoenv.2018.10.046","hm toxicity"
"582","10.1016/j.ecoenv.2018.10.046"," remediation"
"583","10.1016/j.ecoenv.2018.10.046"," metal hm pollution"
"584","10.1016/j.ecoenv.2018.10.046"," agricultural"
"585","10.1016/j.ecoenv.2018.10.046"," crops"
"586","10.1016/j.ecoenv.2018.10.046"," intercropping"
"587","10.19540/j.cnki.cjcmm.20180528.004",NA
"588","10.1016/j.chemosphere.2018.09.143","heavy metals"
"589","10.1016/j.chemosphere.2018.08.147",NA
"590","10.1186/s12898-018-0197-5",NA
"591","10.1007/s12088-018-0749-6",NA
"592","10.1002/ecy.2502",NA
"593","10.3390/plants7030063",NA
"594","10.1016/j.plantsci.2018.05.015","cereal"
"595","10.1016/j.plantsci.2018.05.015"," compass"
"596","10.1016/j.plantsci.2018.05.015"," toxic"
"597","10.3389/fpls.2018.01046","restoration"
"598","10.1007/s00572-018-0856-6","crop"
"599","10.3390/ijms19082160","quality degradation"
"600","10.3390/ijms19082160"," continuous cropping"
"601","10.1007/s00572-018-0853-9","crop"
"602","10.13227/j.hjkx.201702041","the remediation"
"603","10.13227/j.hjkx.201702041"," contaminated mildly"
"604","10.13227/j.hjkx.201702041"," co-contaminated"
"605","10.13227/j.hjkx.201702041"," revegetate"
"606","10.13227/j.hjkx.201702041"," lanthanum la"
"607","10.13227/j.hjkx.201702041"," heavy metals"
"608","10.13227/j.hjkx.201702041"," contaminated"
"609","10.13227/j.hjkx.201702041"," contaminated moderately"
"610","10.1007/s00572-018-0844-x",NA
"611","10.1016/j.envpol.2018.06.003","remediation"
"612","10.1016/j.envpol.2018.06.003"," lanthanum la cadmium"
"613","10.1016/j.envpol.2018.06.003"," heavy metals"
"614","10.1016/j.envpol.2018.06.003"," co-contaminated"
"615","10.1080/15226514.2018.1438358","heavy metals"
"616","10.1007/s00572-018-0839-7",NA
"617","10.3389/fpls.2018.00607",NA
"618","10.1186/s12284-018-0226-1","a susceptible crop"
"619","10.1093/femsec/fiy092",NA
"620","10.1016/j.envpol.2018.04.138",NA
"621","10.1016/j.ecoenv.2018.03.073",NA
"622","10.7717/peerj.4425","polluted less"
"623","10.7717/peerj.4425"," cd-polluted"
"624","10.7717/peerj.4425"," switchgrass"
"625","10.1007/s00572-018-0826-z","te-contaminated"
"626","10.1007/s11356-018-1533-1","contaminated"
"627","10.3389/fpls.2018.00093","field-grown crops"
"628","10.1016/j.scitotenv.2018.01.331","heavily heavy metal"
"629","10.1590/0001-3765201820160189",NA
"630","10.1139/cjm-2017-0521","crop"
"631","10.1139/cjm-2017-0521"," cdc vanguard"
"632","10.3389/fpls.2017.02236","large crabgrass"
"633","10.3389/fpls.2017.02236"," switchgrass crop"
"634","10.3389/fpls.2017.02236"," switchgrass"
"635","10.3389/fpls.2017.02236"," an switchgrass important bioenergy crop"
"636","10.3389/fpls.2017.02236"," crabgrass"
"637","10.1007/s00572-018-0823-2",NA
"638","10.1007/s00572-018-0819-y","agricultural"
"639","10.1007/s00572-018-0819-y"," toxic"
"640","10.1007/s00572-018-0819-y"," metal-polluted"
"641","10.7717/peerj.4183",NA
"642","10.1186/s13104-017-3105-8","restoration"
"643","10.1016/j.chemosphere.2017.12.025","cd contamination"
"644","10.1016/j.chemosphere.2017.12.025"," heavy metal"
"645","10.3934/microbiol.2017.4.938","sustainable agriculture"
"646","10.1016/j.scitotenv.2017.11.188","toxic"
"647","10.1016/j.scitotenv.2017.11.188"," reclamation"
"648","10.1016/j.scitotenv.2017.11.188"," oil sands"
"649","10.1007/s00572-017-0809-5",NA
"650","10.1007/s00425-017-2808-3","a crop biomass"
"651","10.1007/s00425-017-2808-3"," food crops"
"652","10.1007/s00425-017-2808-3"," a donax crop bioenergy"
"653","10.1016/j.scitotenv.2017.09.066","then degraded"
"654","10.1016/j.scitotenv.2017.09.066"," co-contaminated"
"655","10.1016/j.bjm.2017.04.005","agriculture"
"656","10.1016/j.ecoenv.2017.06.059","switchgrass"
"657","10.1016/j.ecoenv.2017.06.059"," the switchgrass"
"658","10.1016/j.ecoenv.2017.06.059"," % w/w cfa/soil"
"659","10.1016/j.ecoenv.2017.06.059"," agriculture"
"660","10.1016/j.ecoenv.2017.06.059"," switchgrass l."
"661","10.1016/j.ecoenv.2017.06.059"," switchgrass cfa-grown"
"662","10.1016/j.jenvman.2017.06.036","crop"
"663","10.1007/s11356-017-9463-x",NA
"664","10.3389/fpls.2017.00931","nutrient-deficient"
"665","10.1039/c7mt00072c","heavy metals"
"666","10.1007/s00572-017-0778-8",NA
"667","10.1007/s00248-017-0999-6",NA
"668","10.1080/15226514.2017.1284751","lead/zinc mine"
"669","10.1080/15226514.2017.1284751"," mine"
"670","10.1016/j.scitotenv.2017.05.047",NA
"671","10.3389/fpls.2017.00684",NA
"672","10.1007/s00572-017-0775-y","crop"
"673","10.3389/fpls.2017.00517",NA
"674","10.1016/j.envpol.2017.03.058","crop"
"675","10.1016/j.envpol.2017.03.058"," toxic"
"676","10.1016/j.envpol.2017.03.058"," arable"
"677","10.1016/j.envpol.2017.03.058"," crop"
"678","10.1016/j.envpol.2017.03.058"," contaminated"
"679","10.1007/s00572-017-0768-x","post-mining dump"
"680","10.1007/s00572-017-0768-x"," a post-mining waste dump"
"681","10.1002/ecy.1793",NA
"682","10.1007/s11356-017-8649-6",NA
"683","10.1139/cjm-2016-0597","crops"
"684","10.1139/cjm-2016-0597"," agronomic"
"685","10.2134/jeq2016.04.0125","agricultural ecological"
"686","10.1016/j.plaphy.2017.01.001",NA
"687","10.1002/jsfa.8201","agricultural"
"688","10.1016/j.scitotenv.2016.12.031","urban"
"689","10.1016/j.scitotenv.2016.12.031"," compost"
"690","10.3389/fpls.2016.01901","crop"
"691","10.3389/fpls.2016.01901"," intercropping"
"692","10.3389/fpls.2016.01901"," crop this"
"693","10.1371/journal.pone.0167014","crop"
"694","10.1371/journal.pone.0167014"," agricultural"
"695","10.1371/journal.pone.0167014"," crop"
"696","10.1016/j.bjm.2016.10.012",NA
"697","10.1007/s00442-016-3771-6",NA
"698","10.1080/15226514.2016.1244157","heavy metals"
"699","10.1016/j.chemosphere.2016.09.145",NA
"700","10.1002/ece3.2456",NA
"701","10.3389/fmicb.2016.01246","competitive k(+"
"702","10.13277/j.hjkx.2016.08.049","food crops"
"703","10.13277/j.hjkx.2016.08.049"," atmospheric fallouts"
"704","10.1080/15226514.2016.1207596",NA
"705","10.3389/fmicb.2016.01030",NA
"706","10.1080/15226514.2016.1207602","mine"
"707","10.1080/15226514.2016.1207602"," metal pollution"
"708","10.1016/j.ecoenv.2016.06.012","toxicity also"
"709","10.1016/j.ecoenv.2016.06.012"," charcoal rot"
"710","10.1186/s12862-016-0698-9",NA
"711","10.1007/s00572-016-0712-5","succession"
"712","10.1007/s00572-016-0712-5"," primary succession"
"713","10.1007/s00572-016-0712-5"," succession natural"
"714","10.1007/s11356-016-6941-5","mine"
"715","10.1007/s11356-016-6941-5"," ecology restoration"
"716","10.1007/s11356-016-6941-5"," reclamation 6-year"
"717","10.1007/s11356-016-6941-5"," mining"
"718","10.1007/s11356-016-6941-5"," mine pangzhuang"
"719","10.1007/s00248-016-0779-8",NA
"720","10.15517/rbt.v64i2.20289","plant succession"
"721","10.15517/rbt.v64i2.20289"," agriculture over-grazing"
"722","10.1016/j.crvi.2016.04.009",NA
"723",NA,NA
"724","10.1007/s00572-016-0699-y","degraded"
"725","10.1021/acs.jafc.6b00408",NA
"726",NA,"contaminated"
"727","10.1371/journal.pone.0153378","loess plateau"
"728","10.1093/aobpla/plw018",NA
"729","10.1007/s11356-016-6337-6","crops"
"730","10.1371/journal.pone.0150181","contaminant degradation sequestration"
"731","10.1371/journal.pone.0150181"," nutrient-poor"
"732","10.1371/journal.pone.0150181"," remediation"
"733","10.1371/journal.pone.0150181"," mine"
"734","10.1371/journal.pone.0150181"," mine gold"
"735","10.1371/journal.pone.0150181"," contaminated"
"736","10.1038/srep21805",NA
"737","10.1007/s00572-016-0687-2","restoration"
"738","10.1038/srep20469","degraded"
"739","10.1093/jxb/erv561","the hyphosphere"
"740","10.1016/j.jplph.2015.11.007","arbuscular mainly"
"741","10.3923/pjbs.2016.158.170","heavy metal"
"742","10.3923/pjbs.2016.158.170"," tanggetada"
"743","10.3923/pjbs.2016.158.170"," degraded"
"744","10.3923/pjbs.2016.158.170"," heavily polluted"
"745","10.1371/journal.pone.0145793","heavy metal"
"746","10.1371/journal.pone.0145793"," heavy metals"
"747","10.1371/journal.pone.0145726",NA
"748","10.1080/15226514.2015.1131232","bioremediation"
"749","10.1080/15226514.2015.1131232"," switchgrass"
"750","10.1007/s11356-015-5914-4","land restoration"
"751","10.1007/s11356-015-5914-4"," energy crops"
"752","10.1007/s11356-015-5914-4"," heavy metals"
"753",NA,NA
"754","10.1007/s00572-015-0670-3",NA
"755","10.1007/s00572-015-0666-z",NA
"756","10.3389/fpls.2015.00815",NA
"757","10.1007/s00572-015-0659-y","degraded"
"758","10.1007/s00572-015-0659-y"," ecuador"
"759","10.1007/s00572-015-0659-y"," crop"
"760","10.1007/s00572-015-0659-y"," afforestation"
"761","10.1007/s00572-015-0659-y"," deforested regions"
"762","10.1007/s11356-015-5094-2","heavy metal-rich"
"763",NA,"saline"
"764",NA," the revegetation restoration"
"765",NA," saline soils"
"766","10.1111/pce.12600","sustainable agriculture"
"767","10.1371/journal.pone.0128841",NA
"768","10.1016/j.chemosphere.2015.04.023","agricultural"
"769","10.3390/jof1010055",NA
"770","10.1007/s00572-015-0638-3",NA
"771","10.3389/fmicb.2015.00203",NA
"772","10.1080/15226514.2014.989311","heavy metal"
"773","10.1080/15226514.2014.989311"," toxic"
"774","10.1007/s11356-014-3837-0",NA
"775","10.1016/j.scitotenv.2015.01.085","degraded"
"776","10.1016/j.scitotenv.2015.01.085"," mine"
"777","10.1016/j.scitotenv.2015.01.085"," heavy metal"
"778","10.1016/j.scitotenv.2015.01.085"," toxic"
"779","10.1016/j.scitotenv.2015.01.085"," polluted"
"780","10.1016/j.scitotenv.2015.01.085"," urban"
"781","10.1038/srep08122",NA
"782","10.1016/j.ecoenv.2014.12.033","pb pollution"
"783","10.1016/j.ecoenv.2014.12.033"," remediation"
"784","10.1016/j.ecoenv.2014.12.033"," polluted"
"785","10.1016/j.ecoenv.2014.12.033"," toxic"
"786","10.1016/j.ecoenv.2014.12.033"," heavy metals"
"787","10.1016/j.ecoenv.2014.12.033"," diffused pollution"
"788","10.3389/fmicb.2014.00682",NA
"789","10.1080/15226514.2014.950408","agricultural"
"790","10.1080/15226514.2014.950408"," mine"
"791","10.1080/15226514.2014.950408"," heavy metals"
"792","10.1080/15226514.2014.950408"," mining"
"793","10.1016/j.jplph.2014.08.019",NA
"794","10.1016/j.ecoenv.2014.09.019","remediation"
"795","10.1016/j.ecoenv.2014.09.019"," bioaccumulation"
"796","10.1016/j.ecoenv.2014.09.019"," contaminated"
"797","10.1007/s00572-014-0613-4",NA
"798",NA,"heavy metal"
"799",NA," a pd/zn mine"
"800",NA," gi-inoculated"
"801",NA,NA
"802","10.1007/s10646-014-1368-6","cu contamination"
"803","10.5423/PPJ.OA.10.2012.0156","expansion"
"804","10.5423/PPJ.OA.10.2012.0156"," expansion guava crops"
"805","10.1016/j.jes.2014.07.013","no heavy metal"
"806","10.1016/j.jes.2014.07.013"," heavy metal"
"807","10.1016/j.jes.2014.07.013"," the remediation"
"808","10.1007/s00442-014-3091-7",NA
"809","10.1007/s10646-014-1331-6",NA
"810","10.1007/s00572-014-0600-9",NA
"811","10.1007/s11356-014-3396-4","remediation"
"812","10.1007/s11356-014-3396-4"," contaminated"
"813","10.1007/s11356-014-3396-4"," degradation"
"814","10.1007/s00572-014-0596-1",NA
"815","10.1371/journal.pone.0101487","zinc deficiency"
"816","10.1016/j.scitotenv.2014.06.045",NA
"817","10.1080/15226514.2013.856852","contamination"
"818","10.1080/15226514.2013.856852"," mining"
"819","10.1890/13-0025.1",NA
"820","10.1111/nph.12876",NA
"821","10.1007/s11356-014-2938-0","the remediation"
"822","10.1007/s11356-014-2938-0"," wood preservation"
"823","10.1007/s11356-014-2938-0"," potentially toxic"
"824","10.1007/s00284-014-0589-5","foster arx"
"825","10.1007/s00572-014-0582-7","crop"
"826","10.1007/s00572-014-0582-7"," sustainable agriculture"
"827","10.1038/srep04671","intercropping"
"828","10.1038/srep04671"," toxic"
"829","10.1371/journal.pone.0093967",NA
"830",NA,"rice crop"
"831",NA," conventional"
"832","10.1371/journal.pone.0090738","the crop"
"833","10.1371/journal.pone.0090738"," crop"
"834","10.1016/j.jplph.2013.10.023",NA
"835","10.1007/s11356-014-2696-z","mining"
"836","10.1007/s10646-014-1200-3","remediation"
"837","10.1007/s10646-014-1200-3"," degradation"
"838","10.1007/s10646-014-1200-3"," soil contamination caused"
"839","10.1007/s00572-014-0555-x","oil sands"
"840","10.1007/s00572-014-0555-x"," reclamation"
"841","10.3732/ajb.1300262",NA
"842","10.1890/13-1821.1","agricultural"
"843","10.1890/13-1821.1"," the agroecosystems"
"844","10.1590/s1517-83822014000400007",NA
"845","10.1038/ismej.2013.224","agricultural"
"846","10.1016/j.jplph.2013.10.011","ultramafic ecosystems"
"847","10.1016/j.jplph.2013.10.011"," the successful restoration"
"848","10.1016/j.jplph.2013.10.011"," degraded"
"849","10.1016/j.jplph.2013.10.011"," toxic"
"850","10.1016/j.jplph.2013.10.011"," mining"
"851","10.1890/12-1943.1",NA
"852","10.3389/fpls.2013.00338","pollination"
"853",NA,"diesel contamination"
"854","10.1016/j.chemosphere.2013.07.089",NA
"855","10.1371/journal.pone.0070633","conventional cultivation"
"856","10.1371/journal.pone.0070633"," tropical agriculture"
"857","10.1371/journal.pone.0070633"," crops cassava"
"858","10.1371/journal.pone.0070633"," crops"
"859","10.1371/journal.pone.0070633"," food crops"
"860","10.1093/aob/mct177",NA
"861","10.1016/j.jenvrad.2013.07.001","crops"
"862","10.1016/j.jenvrad.2013.07.001"," contaminated"
"863","10.1016/j.chemosphere.2013.04.093","mine"
"864","10.1016/j.chemosphere.2013.04.093"," contaminated"
"865",NA,NA
"866","10.1016/s1001-0742(12)60060-6","mine"
"867","10.1016/s1001-0742(12)60060-6"," the remediation"
"868","10.1111/nph.12273",NA
"869","10.1007/s00572-013-0494-y",NA
"870","10.1093/aob/mct062",NA
"871","10.1080/09593330.2012.689369","willow clones"
"872","10.1080/09593330.2012.689369"," heavy metals"
"873","10.1080/15226514.2012.716099","tragic"
"874","10.1080/15226514.2012.716099"," heavy metal"
"875","10.1080/15226514.2012.716099"," soil contamination"
"876","10.1080/15226514.2012.716099"," toxicity"
"877","10.1080/15226514.2012.716099"," heavy metals"
"878","10.1093/aob/mct035",NA
"879","10.1111/pce.12082","k(+"
"880","10.1111/pce.12082"," desertification"
"881","10.1890/11-1715.1",NA
"882","10.1371/journal.pone.0048669","contaminated"
"883","10.1371/journal.pone.0048669"," heavy metals"
"884","10.1007/s00572-012-0460-0",NA
"885","10.1016/j.jhazmat.2012.08.020",NA
"886","10.1016/j.jenvrad.2012.08.004","contaminated"
"887","10.1080/15226514.2011.619230","aluminium"
"888","10.1080/15226514.2011.619230"," aluminium"
"889","10.1080/15226514.2011.619230"," the aluminium"
"890","10.1039/c2em30333g","mine"
"891","10.1007/s11274-011-0823-2","harvests"
"892","10.1016/j.jhazmat.2012.05.091","remediation"
"893","10.1016/j.jhazmat.2012.05.091"," arsenic contamination"
"894","10.1007/s00572-012-0448-9","agricultural"
"895","10.1007/s00572-012-0448-9"," crop"
"896","10.1016/j.jhazmat.2012.05.044","contaminated"
"897","10.1007/s00572-012-0447-x","organic agriculture"
"898","10.1007/s00572-012-0447-x"," a crop"
"899","10.1007/s00572-012-0446-y",NA
"900","10.1890/11-1247.1","restoration"
"901","10.1890/11-1247.1"," salt-amended"
"902","10.1016/j.envpol.2012.04.026","mine"
"903","10.1111/j.1438-8677.2012.00581.x",NA
"904","10.1007/s11270-011-0915-5",NA
"905","10.1139/w11-140","crop"
"906","10.1139/w11-140"," crop"
"907",NA,NA
"908",NA,"hyphosphere"
"909","10.1016/j.scitotenv.2011.10.053","heavy metal"
"910","10.1016/j.scitotenv.2011.10.053"," contaminated"
"911","10.1016/j.scitotenv.2011.10.053"," heavy metals"
"912",NA,NA
"913","10.1080/15226514.2011.568546","remediation"
"914","10.1080/15226514.2011.568546"," contamination"
"915","10.1080/15226514.2011.568546"," contaminated often well"
"916","10.1890/10-1915.1",NA
"917","10.1590/S1517-83822011000300004","lead contamination"
"918","10.1007/s00572-011-0391-1",NA
"919","10.1186/1471-2229-11-98",NA
"920","10.1080/15226510903535056","mine cu"
"921","10.1080/15226510903535056"," copper mine"
"922","10.1080/15226510903353104","contaminated"
"923","10.1080/15226510903353104"," pah contamination"
"924","10.1080/15226511003671353","pb/zn mine"
"925","10.1016/j.scitotenv.2011.04.029","degraded"
"926","10.1016/j.ejsobi.2011.03.001",NA
"927","10.1007/s00572-011-0379-x",NA
"928","10.1007/s00572-011-0370-6","urban"
"929","10.1007/s00572-011-0372-4","succession"
"930","10.1016/j.jenvman.2011.02.015","higher degradation"
"931","10.1016/j.jenvman.2011.02.015"," diesel contamination"
"932","10.1016/j.jplph.2010.12.019",NA
"933","10.1007/s12011-011-8973-5",NA
"934","10.1007/s00122-010-1501-8",NA
"935","10.1007/s00572-010-0360-0","contaminated"
"936","10.1139/w10-096","nickel mine"
"937","10.1016/j.scitotenv.2010.12.019","polluted"
"938","10.1016/j.scitotenv.2010.12.019"," contaminated"
"939","10.1016/j.scitotenv.2010.12.019"," heavy metal"
"940","10.1016/j.scitotenv.2010.12.019"," multiple heavy metals"
"941","10.1016/j.scitotenv.2010.11.020","acidic"
"942","10.1016/j.scitotenv.2010.11.020"," mine"
"943","10.1016/j.scitotenv.2010.11.020"," tailings uninoculated compost-amended"
"944","10.1016/j.scitotenv.2010.11.020"," heavy metals"
"945","10.1016/j.scitotenv.2010.11.020"," tailings compost-amended"
"946",NA,"arbuscular"
"947","10.1016/j.envpol.2010.11.035","degradation"
"948","10.1016/j.phytochem.2010.11.008",NA
"949","10.1007/s00572-010-0343-1",NA
"950","10.1016/j.envpol.2010.09.032","ecological restoration"
"951","10.1016/j.envpol.2010.09.032"," bermudagrass"
"952","10.1007/s00572-010-0340-4",NA
"953","10.1016/j.jhazmat.2010.09.004","crops soil"
"954","10.1016/j.jhazmat.2010.09.004"," degradation"
"955","10.1016/j.jhazmat.2010.09.004"," crops"
"956","10.1016/j.jhazmat.2010.09.004"," degradation phoxim"
"957","10.1016/j.jhazmat.2010.09.004"," organophosphate degradation"
"958","10.1093/aob/mcq170","heavy metal"
"959","10.1080/15226510903051740",NA
"960","10.1016/j.scitotenv.2010.07.064","crop this"
"961","10.1016/j.scitotenv.2010.07.064"," perennial crops"
"962","10.1016/j.jenvman.2010.07.008","harvests 8th"
"963","10.1016/j.jenvman.2010.07.008"," successive harvests"
"964","10.1016/j.jenvman.2010.07.008"," degraded"
"965","10.1007/s00253-010-2791-0","crop"
"966","10.1007/s00253-010-2791-0"," arable"
"967","10.1016/j.jhazmat.2010.05.042",NA
"968","10.1016/j.plaphy.2010.04.002",NA
"969","10.1007/s00572-010-0311-9",NA
"970","10.1100/tsw.2010.59","a degraded alfisol"
"971","10.1100/tsw.2010.59"," degraded alfisol"
"972","10.1111/j.1469-8137.2009.03162.x",NA
"973","10.1002/jsfa.3871",NA
"974","10.1073/pnas.0906710107","agriculture restoration"
"975","10.1073/pnas.0906710107"," agriculture ecosystem restoration sequestration"
"976","10.1007/s00572-009-0296-4",NA
"977",NA,NA
"978",NA,NA
"979","10.1007/s00572-009-0294-6",NA
"980","10.1007/s00248-009-9618-5","heavy metal"
"981","10.1080/15226510902787310","soil heavy metal"
"982","10.1080/15226510902787310"," heavy metals"
"983","10.1007/s00572-009-0279-5","crop"
"984","10.1016/j.chemosphere.2009.08.050","agricultural"
"985","10.1139/w09-031",NA
"986","10.1016/j.biortech.2009.07.010",NA
"987","10.1890/07-2080.1",NA
"988","10.1016/j.chemosphere.2009.05.025","agricultural"
"989","10.1016/j.chemosphere.2009.05.025"," crop"
"990","10.1016/j.chemosphere.2009.05.025"," heavy metals"
"991","10.1016/j.scitotenv.2009.05.021",NA
"992","10.1007/s00248-009-9544-6",NA
"993","10.1093/treephys/tpp038",NA
"994","10.1890/08-0419.1",NA
"995","10.1007/s00572-009-0241-6","a food crop"
"996","10.1007/s00442-009-1312-2",NA
"997","10.1016/j.chemosphere.2009.02.008","moderately contaminated"
"998","10.1016/j.chemosphere.2009.02.008"," toxicity"
"999","10.1016/j.chemosphere.2009.01.046",NA
"1000","10.1007/s00248-009-9489-9","agriculture"
"1001","10.1007/s00442-009-1294-0",NA
"1002","10.1016/j.envpol.2008.12.030","heavy metal"
"1003","10.1016/j.envpol.2008.12.030"," contaminated"
"1004","10.1080/15226510802378483","remediation the"
"1005","10.1007/s00572-009-0230-9","heavy metal"
"1006","10.1007/s00572-009-0230-9"," agricultural"
"1007","10.1007/s00572-009-0230-9"," leachates"
"1008","10.1007/s00572-009-0230-9"," soils contaminated"
"1009","10.1007/s00572-009-0230-9"," contaminated"
"1010","10.1016/j.envpol.2008.12.022",NA
"1011","10.1007/s00572-009-0228-3","outplanting"
"1012","10.1007/s00572-009-0228-3"," experimental plantations"
"1013","10.1007/s00442-008-1192-x",NA
"1014","10.1890/07-1394.1",NA
"1015","10.1139/w08-081","agricultural"
"1016","10.1007/s00572-008-0203-4","disturbed"
"1017","10.1007/s00572-008-0203-4"," chamela region"
"1018","10.1016/s1001-0742(08)62121-x","pollution"
"1019","10.1111/j.1574-6968.2008.01318.x",NA
"1020","10.1016/j.ecoenv.2008.01.027","bahiagrass longan seedling"
"1021","10.1007/s00572-008-0178-1","coastal"
"1022","10.1016/j.chemosphere.2008.03.040",NA
"1023","10.3852/mycologia.100.1.6","a restoration roadside prairie"
"1024","10.3852/mycologia.100.1.6"," landscape restorations"
"1025","10.3852/mycologia.100.1.6"," ecological succession"
"1026","10.1890/07-0823.1","contamination"
"1027","10.1016/j.scitotenv.2008.02.003","contaminated"
"1028","10.1016/j.envpol.2008.01.003","experimentally contaminated"
"1029","10.1055/s-2007-964963",NA
"1030","10.1016/j.biortech.2007.11.059","high-biomass crops canarygrass"
"1031","10.1016/j.biortech.2007.11.059"," high-biomass crops"
"1032","10.1016/s1001-0742(07)60203-4",NA
"1033","10.1016/j.jenvrad.2007.10.007","u"
"1034","10.1016/j.jenvrad.2007.10.007"," proper remediation"
"1035","10.1016/j.envpol.2007.10.023","contamination"
"1036","10.1016/j.envpol.2007.10.023"," ecological restoration"
"1037","10.1016/j.envpol.2007.10.023"," the contamination"
"1038","10.1111/j.1365-2672.2007.03296.x","outplanting"
"1039","10.1111/j.1365-2672.2007.03296.x"," morocco"
"1040","10.1111/j.1365-2672.2007.03296.x"," degraded"
"1041","10.1016/j.wasman.2007.05.008","crop"
"1042","10.1016/j.envpol.2007.04.005",NA
"1043","10.1016/j.envpol.2007.04.002","remediation"
"1044","10.1016/j.envpol.2007.04.002"," naturally metalliferous"
"1045","10.1016/j.jenvrad.2007.04.001",NA
"1046","10.1007/s10646-007-0149-x","heavy metals"
"1047","10.2134/jeq2006.0260","contaminants more"
"1048","10.2134/jeq2006.0260"," toxic contaminants"
"1049","10.1016/j.envpol.2007.03.015","soil contamination"
"1050","10.1016/j.chemosphere.2007.02.068","lanthanum"
"1051","10.3923/pjbs.2007.1491.1495",NA
"1052","10.1007/s00248-007-9239-9",NA
"1053",NA,NA
"1054","10.1055/s-2006-955946",NA
"1055",NA,NA
"1056","10.1007/s00248-006-9078-0",NA
"1057","10.1016/j.envpol.2006.08.005","heavy metal"
"1058","10.1016/j.scitotenv.2006.07.008","degradation"
"1059","10.1016/j.scitotenv.2006.07.008"," heavy metals"
"1060","10.1016/j.envpol.2006.06.029","heavy metal"
"1061","10.1016/j.envpol.2006.06.029"," contaminated naturally"
"1062","10.1016/j.chemosphere.2006.07.007",NA
"1063","10.1016/j.jhazmat.2006.05.012","contaminant"
"1064","10.2134/jeq2005.0271",NA
"1065","10.1128/aem.63.11.4408-4412.1997",NA
"1066","10.1007/s10653-005-9020-2",NA
"1067","10.1016/j.chemosphere.2006.01.034",NA
"1068","10.1111/j.1365-2672.2005.02804.x","zn contamination"
"1069","10.1111/j.1365-2672.2005.02804.x"," arbuscular"
"1070","10.1055/s-2005-872972",NA
"1071","10.1007/s00572-005-0022-9","high-elevation"
"1072","10.1007/s00572-005-0020-y","outplanted"
"1073","10.1111/j.1469-8137.2005.01490.x","the crop"
"1074","10.1111/j.1469-8137.2005.01490.x"," agricultural"
"1075","10.1111/j.1469-8137.2005.01490.x"," crop"
"1076","10.1007/s00572-005-0018-5","tropical site"
"1077","10.1017/s0953756205002832",NA
"1078","10.1007/s00572-005-0003-z","crop"
"1079","10.1016/j.chemosphere.2005.01.038","anthropogenic stressed sediments"
"1080","10.1016/j.envpol.2005.05.009","mine"
"1081","10.1016/j.envpol.2005.05.005","heavy metal"
"1082","10.1016/j.envint.2005.05.041","contamination"
"1083","10.1016/j.envint.2005.05.041"," experimentally contaminated"
"1084","10.1016/j.chemosphere.2005.01.029",NA
"1085","10.1016/j.jbiotec.2004.12.009","cd contamination"
"1086","10.1016/j.jbiotec.2004.12.009"," cd-polluted"
"1087","10.1016/j.scitotenv.2004.07.015","crops"
"1088","10.1016/j.scitotenv.2004.07.015"," remediation"
"1089","10.1016/j.scitotenv.2004.07.015"," contaminated"
"1090","10.1016/j.scitotenv.2004.07.015"," all harvests"
"1091","10.1016/j.chemosphere.2004.10.009","heavy metal"
"1092","10.1016/j.chemosphere.2004.10.009"," soil heavy metal"
"1093","10.1007/s00248-003-0131-y","degraded"
"1094","10.1007/s00442-004-1777-y",NA
"1095","10.1007/s00572-004-0321-6",NA
"1096","10.1016/j.envpol.2004.02.015","cd-contaminated"
"1097","10.1007/s00572-004-0312-7","wood ash"
"1098","10.1128/AEM.70.5.2692-2701.2004","agricultural"
"1099","10.1128/AEM.70.5.2692-2701.2004"," a mature crop"
"1100","10.1128/AEM.70.5.2692-2701.2004"," plowing"
"1101","10.1016/S0960-8524(03)00198-6",NA
"1102","10.1046/j.1469-8137.2003.00938.x",NA
"1103","10.1007/s00572-003-0289-7",NA
"1104","10.2134/jeq2003.2001","mine"
"1105","10.2134/jeq2003.2001"," reclamation"
"1106","10.1139/w03-073","soil contamination"
"1107","10.1139/w03-073"," contamination heavy-metal"
"1108","10.1007/s00572-003-0281-2",NA
"1109","10.1007/s00572-003-0224-y","epiphytic"
"1110","10.1007/s00572-003-0274-1",NA
"1111","10.1007/s00572-003-0265-2",NA
"1112","10.1007/s00572-002-0213-6",NA
"1113","10.1016/s0269-7491(03)00195-7","contaminated"
"1114","10.1046/j.1469-8137.2003.00688.x",NA
"1115","10.1007/s00267-002-2879-0","degraded"
"1116","10.1093/treephys/23.3.157",NA
"1117","10.1016/s0045-6535(02)00323-5","degradation"
"1118","10.1007/s00442-002-1022-5",NA
"1119","10.1007/s00572-001-0147-4",NA
"1120","10.1093/jexbot/53.371.1207",NA
"1121","10.1093/jexbot/53.371.1177","heavy metal"
"1122","10.1007/s00572-001-0140-y",NA
"1123","10.3732/ajb.89.2.337","agricultural"
"1124","10.1046/j.0028-646X.2001.00265.x",NA
"1125","10.1078/0944-5013-00095",NA
"1126","10.1007/s005720100122",NA
"1127","10.1093/jexbot/51.347.1117",NA
"1128","10.1046/j.1469-8137.1999.00471.x","mycobionts some"
"1129","10.1046/j.1469-8137.1999.00471.x"," the mycobionts"
"1130","10.1046/j.1469-8137.1999.00471.x"," the mycobionts different"
"1131","10.1007/s004420050685",NA
"1132",NA,"successional"
"1133",NA," nutrient-poor"
"1134","10.1007/s005720050190",NA
"1135","10.1046/j.1469-8137.1997.00786.x","microbial-based"
"1136","10.1046/j.1469-8137.1997.00786.x"," nutrient-deficient"
"1137","10.1046/j.1469-8137.1997.00786.x"," reclamation"
"1138","10.1046/j.1469-8137.1997.00786.x"," degraded"
"1139",NA,"restoration"
"1140",NA,"associated bhicb-ab3"
"1141","10.1016/0269-7491(95)00081-x",NA
"1142","10.1016/0269-7491(95)93444-5","contaminated"
"1143","10.1016/0269-7491(94)90188-0","mine"
"1144","10.1016/0269-7491(94)90188-0"," toxic"
"1145","10.1104/pp.101.3.1063","n combustion content"
"1146","10.1007/BF00317489",NA
"1147","10.1007/BF01225356",NA
"1148","10.1111/j.1469-8137.1990.tb00376.x",NA
"1149",NA,NA
