"","study_id","RESPONSE"
"1","10.1080/12298093.2024.2360750","biomass"
"2","10.1080/12298093.2024.2360750"," growth biomass"
"3","10.1080/12298093.2024.2360750"," the growth biomass"
"4","10.1080/12298093.2024.2360750"," plant growth"
"5","10.1080/12298093.2024.2360750"," growth"
"6","10.1080/12298093.2024.2360750"," the highest biomass compatibility"
"7","10.1080/12298093.2024.2360750"," the highest biomass"
"8","10.1093/jambio/lxae161","plant biomass"
"9","10.1093/jambio/lxae161"," growth the"
"10","10.1093/jambio/lxae161"," vine growth"
"11","10.1093/jambio/lxae161"," growth"
"12","10.1093/jambio/lxae161"," shoot biomass"
"13","10.1016/j.scitotenv.2024.173975","mean weight"
"14","10.1016/j.scitotenv.2024.173975"," maize growth productivity"
"15","10.1016/j.scitotenv.2024.173975"," yield"
"16","10.1016/j.scitotenv.2024.173975"," yield crop"
"17","10.1016/j.scitotenv.2024.173975"," maize yield"
"18","10.1016/j.scitotenv.2024.173975"," shoot biomass"
"19","10.1016/j.scitotenv.2024.173552","biomass"
"20","10.1016/j.scitotenv.2024.173552"," plant growth"
"21","10.1002/ece3.11442","seedling biomass"
"22","10.1007/s42770-024-01390-2","plant biomass"
"23","10.1007/s42770-024-01390-2"," the biomass highest"
"24","10.1007/s42770-024-01390-2"," dry mass"
"25","10.1007/s42770-024-01390-2"," the growth"
"26","10.1007/s42770-024-01390-2"," growth"
"27","10.1007/s42770-024-01390-2"," biomass all"
"28","10.1007/s00572-024-01151-x","seedling establishment"
"29","10.1007/s00572-024-01151-x"," seedling height"
"30","10.1007/s00572-024-01151-x"," seedling biomass"
"31","10.1007/s00572-024-01151-x"," plant growth"
"32","10.1007/s00572-024-01151-x"," biomass number"
"33","10.1007/s00572-024-01151-x"," height"
"34","10.1080/15226514.2024.2353389","biomass"
"35","10.1016/j.heliyon.2024.e30484","the growth uptake"
"36","10.1016/j.heliyon.2024.e30484"," arbuscular mycorrhizal fungi e.brucei growth"
"37","10.1016/j.heliyon.2024.e30484"," growth"
"38","10.1016/j.heliyon.2024.e30484"," biomass"
"39","10.1093/hr/uhae067","plant biomass"
"40","10.1093/hr/uhae067"," growth the"
"41","10.1093/hr/uhae067"," growth"
"42","10.1093/hr/uhae067"," leguminous plant growth"
"43","10.1093/hr/uhae067"," the growth"
"44","10.3389/fpls.2024.1364469","the biomass foliar"
"45","10.3389/fpls.2024.1364469"," pearl millet biomass"
"46","10.3389/fpls.2024.1364469"," growth"
"47","10.3389/fpls.2024.1385245","plant biomass"
"48","10.3389/fpls.2024.1385245"," plant growth"
"49","10.1186/s12870-024-05032-5","wheat biomass"
"50","10.3389/fmicb.2024.1288865","microbial biomass"
"51","10.1016/j.micres.2024.127708","growth maize biomass"
"52","10.1016/j.micres.2024.127708"," growth maize yield"
"53","10.1016/j.micres.2024.127708"," plant biomass"
"54","10.1016/j.micres.2024.127708"," dry mass"
"55","10.1016/j.micres.2024.127708"," the growth"
"56","10.1016/j.micres.2024.127708"," plant growth maize"
"57","10.1016/j.micres.2024.127708"," crop growth yield"
"58","10.1007/s00284-024-03662-4","am fungal"
"59","10.1007/s00284-024-03662-4"," root biomass"
"60","10.1007/s00284-024-03662-4"," 80.85%"
"61","10.1007/s00284-024-03662-4"," am production"
"62","10.1007/s00284-024-03662-4"," plant growth"
"63","10.1007/s00284-024-03662-4"," 62.16 spores g<sup>-1</sup> soil"
"64","10.1016/j.crmicr.2024.100229","soil microbial biomass"
"65","10.1016/j.crmicr.2024.100229"," growth effects priming"
"66","10.1016/j.crmicr.2024.100229"," plant growth"
"67","10.1016/j.crmicr.2024.100229"," growth"
"68","10.1016/j.crmicr.2024.100229"," growth selected aerobic rice uptake activities"
"69","10.1016/j.crmicr.2024.100229"," growth rice"
"70","10.1590/1519-6984.276160","growth heightened"
"71","10.1590/1519-6984.276160"," biomass"
"72","10.1590/1519-6984.276160"," growth quality"
"73","10.1590/1519-6984.276160"," the growth quality"
"74","10.1016/j.jenvman.2024.120673","microbial biomass"
"75","10.1093/treephys/tpae029","root biomass"
"76","10.1093/treephys/tpae029"," biomass"
"77","10.1093/treephys/tpae029"," seedling growth"
"78","10.1007/s11356-024-32755-7","shoot biomass"
"79","10.1007/s11356-024-32755-7"," root biomass"
"80","10.1007/s11356-024-32755-7"," plant growth"
"81","10.1007/s00572-024-01139-7","plant biomass"
"82","10.1007/s00572-024-01139-7"," biomass shoot"
"83","10.1111/ppl.14205","growth stimulated"
"84","10.1111/ppl.14205"," the growth resistance"
"85","10.1111/ppl.14205"," higher biomass activity"
"86","10.1016/j.ecoenv.2024.116157","the biomass levels"
"87","10.1016/j.ecoenv.2024.116157"," plant growth"
"88","10.1016/j.ecoenv.2024.116157"," growth the"
"89","10.1128/spectrum.03427-23","height diameter shoot uptake"
"90","10.1128/spectrum.03427-23"," maize growth"
"91","10.1128/spectrum.03427-23"," root biomass"
"92","10.1128/spectrum.03427-23"," mycorrhizal growth"
"93","10.1080/15226514.2024.2315471","plant growth"
"94","10.3389/fpls.2024.1303750","forage biomass"
"95","10.1016/j.heliyon.2024.e24820","microbial biomass"
"96","10.1016/j.scitotenv.2024.170417","root growth"
"97","10.1016/j.scitotenv.2024.170417"," yields"
"98","10.1016/j.scitotenv.2024.170417"," yield reduced grain compared"
"99","10.1016/j.scitotenv.2024.170417"," yield"
"100","10.1016/j.scitotenv.2024.170417"," crop growth"
"101","10.1016/j.scitotenv.2024.170417"," microbial biomass"
"102","10.1016/j.scitotenv.2024.170417"," yield enhanced functioning grain physiological"
"103","10.1016/j.scitotenv.2024.170417"," yield maize"
"104","10.1016/j.scitotenv.2024.170417"," yield grain"
"105","10.3390/microorganisms12010075","the shoot biomass intensity used"
"106","10.3390/microorganisms12010075"," shoot biomass sativa"
"107","10.1007/s11356-024-31870-9","dry weight"
"108","10.1007/s11356-024-31870-9"," growth capabilities"
"109","10.1007/s11356-024-31870-9"," responses these"
"110","10.1007/s11356-024-31870-9"," biomass"
"111","10.1007/s11356-024-31870-9"," as biomass"
"112","10.1002/jobm.202300424","amaranth biomass content"
"113","10.1002/jobm.202300424"," the biomass"
"114","10.1002/jobm.202300424"," the biomass ultimately"
"115","10.1007/s12298-023-01369-7","dry mass"
"116","10.1007/s12298-023-01369-7"," plant biomass"
"117","10.1007/s12298-023-01369-7"," the growth performance"
"118","10.1007/s12298-023-01369-7"," the growth enzymes expressions"
"119","10.1007/s10123-023-00466-7","biomass cassava above-ground"
"120","10.1007/s10123-023-00466-7"," biomass"
"121","10.1007/s10123-023-00466-7"," growth"
"122","10.1007/s10123-023-00466-7"," dry biomass"
"123","10.1111/nph.19493","depressed growth"
"124","10.1111/nph.19493"," wheat yield"
"125","10.1111/nph.19493"," crop ecosystem yield both"
"126","10.1111/nph.19493"," wheat biomass"
"127","10.3390/plants12244171","yield response"
"128","10.3390/plants12244171"," biomass"
"129","10.3390/plants12244171"," the yield quality"
"130","10.3390/plants12244088","mass"
"131","10.3390/plants12244088"," biomass"
"132","10.3390/jof9121152","root growth"
"133","10.3390/jof9121152"," yield"
"134","10.3390/jof9121152"," biomass"
"135","10.3390/jof9121152"," the biomass highest"
"136","10.3390/jof9121152"," the growth production"
"137","10.3390/jof9121152"," plant growth"
"138","10.3390/jof9121152"," growth"
"139","10.3390/plants12234012","root biomass"
"140","10.3390/plants12234012"," plant growth"
"141","10.3390/plants12234012"," growth"
"142","10.3390/plants12234012"," 5-fold"
"143","10.3390/plants12234012"," shoot biomass"
"144","10.3390/plants12234012"," 3.4-fold"
"145","10.1111/pce.14771","flower biomass"
"146","10.1016/j.jenvman.2023.119509","plant biomass"
"147","10.1016/j.jenvman.2023.119509"," reduced biomass non-n sub>2</sub>-ﬁxing"
"148","10.1016/j.jenvman.2023.119509"," the biomass greater sub>2</sub>-fixing"
"149","10.1016/j.jenvman.2023.119509"," the biomass"
"150","10.1016/j.envpol.2023.122841","biomass"
"151","10.1016/j.envpol.2023.122841"," the growth"
"152","10.1007/s10886-023-01455-w","plant biomass"
"153","10.3390/jof9100977","biomass"
"154","10.3390/jof9100977"," plant growth"
"155","10.1007/s13205-023-03793-8","grain biomass"
"156","10.1007/s13205-023-03793-8"," plant growth"
"157","10.1007/s13205-023-03793-8"," healthy growth"
"158","10.1093/treephys/tpad130","seedling biomass"
"159","10.1093/treephys/tpad130"," root biomasses"
"160","10.3390/plants12193426","root growth"
"161","10.3390/plants12193426"," yield"
"162","10.3390/plants12193426"," the growth morphology"
"163","10.3390/plants12193426"," pod biomass"
"164","10.3390/plants12193426"," the yield pod"
"165","10.3390/plants12193426"," high yield"
"166","10.1007/s00572-023-01126-4","plant biomass"
"167","10.1007/s00572-023-01126-4"," plant growth"
"168","10.1007/s00572-023-01126-4"," plant biomass"
"169","10.1016/j.envres.2023.117219","dry weight"
"170","10.1016/j.envres.2023.117219"," soybean biomass"
"171","10.1016/j.envres.2023.117219"," growth"
"172","10.1016/j.scitotenv.2023.167289","sativa growth trait nutrient expressions properties speciation"
"173","10.1016/j.scitotenv.2023.167289"," dry biomass"
"174","10.1016/j.scitotenv.2023.167289"," growth"
"175","10.7717/peerj.15686","dry biomass"
"176","10.7717/peerj.15686"," the growth"
"177","10.7717/peerj.15686"," wheat biomass/yield"
"178","10.7717/peerj.15686"," wheat yield"
"179","10.7717/peerj.15686"," yield % grain weight"
"180","10.7717/peerj.15686"," yield different parameters"
"181","10.7717/peerj.15686"," yield % hay weight"
"182","10.1016/j.ecoenv.2023.115458","root biomass"
"183","10.1016/j.ecoenv.2023.115458"," the growth"
"184","10.1016/j.ecoenv.2023.115458"," growth"
"185","10.3389/fpls.2023.1206047","biomass"
"186","10.3389/fpls.2023.1206047"," the growth"
"187","10.3389/fpls.2023.1206047"," biomass diameter"
"188","10.3389/fpls.2023.1206047"," biomass number"
"189","10.3389/fpls.2023.1206047"," height"
"190","10.3390/microorganisms11082012","pepper biomass total"
"191","10.3390/microorganisms11082012"," biomass"
"192","10.3390/microorganisms11082012"," fruit biomass"
"193","10.3390/microorganisms11082012"," response"
"194","10.3389/fpls.2023.1222557","biomass"
"195","10.3390/toxics11070582","plant biomass"
"196","10.3390/toxics11070582"," the biomass"
"197","10.1111/gcb.16886","fungal biomass"
"198","10.1093/aob/mcad095","biomass"
"199","10.3389/fmicb.2023.1184070","root biomass"
"200","10.3389/fmicb.2023.1184070"," aerial biomass"
"201","10.3389/fmicb.2023.1184070"," plant growth"
"202","10.3389/fmicb.2023.1184070"," growth"
"203","10.3389/fmicb.2023.1184070"," growth substrate"
"204","10.3389/fmicb.2023.1184070"," the growth planted co-cropping"
"205","10.1016/j.envpol.2023.122146","shoot biomass area"
"206","10.1016/j.envpol.2023.122146"," plant growth"
"207","10.1016/j.envpol.2023.122146"," maize root biomass"
"208","10.1016/j.envpol.2023.122146"," maize growth"
"209","10.3390/jof9060684","biomass the heights"
"210","10.3390/jof9060684"," plant biomass"
"211","10.3390/jof9060684"," biomass"
"212","10.3390/jof9060684"," growth"
"213","10.3390/jof9060684"," the biomass uptake"
"214","10.3390/jof9060677","stem biomass"
"215","10.3390/jof9060677"," the biomass"
"216","10.1016/j.scitotenv.2023.164970","the biomass levels"
"217","10.1016/j.scitotenv.2023.164970"," plant growth"
"218","10.1016/j.scitotenv.2023.164970"," the growth"
"219","10.3389/fmicb.2023.1131797","the biomass"
"220","10.3389/fmicb.2023.1131797"," the competitive growth"
"221","10.3389/fmicb.2023.1131797"," amethystoides biomass"
"222","10.3389/fmicb.2023.1131797"," the growth competitiveness"
"223","10.3389/fmicb.2023.1131797"," growth"
"224","10.3389/fpls.2023.1134995","plant height"
"225","10.3389/fpls.2023.1134995"," the biomass height number"
"226","10.3390/microorganisms11051144","plant biomass"
"227","10.3390/microorganisms11051144"," microbial biomass"
"228","10.3390/microorganisms11051113","biomass"
"229","10.3390/microorganisms11051113"," growth"
"230","10.3390/plants12112195","root biomass"
"231","10.3390/plants12112195"," root growth"
"232","10.3390/life13051118","plant growth"
"233","10.3390/life13051118"," microbial biomass"
"234","10.3390/jof9050540","root biomass"
"235","10.3390/plants12091908","plant height"
"236","10.3390/plants12091908"," increased biomass"
"237","10.3390/plants12091908"," growth productivity"
"238","10.1093/treephys/tpad064","plant biomass"
"239","10.1093/treephys/tpad064"," biomass"
"240","10.1093/treephys/tpad064"," wood biomass"
"241","10.3390/jof9040479","growth"
"242","10.3390/jof9040479"," the biomass"
"243","10.3390/biology12040628","root biomass"
"244","10.3390/biology12040628"," growth truffle-oaks"
"245","10.3390/biology12040628"," growth colonization"
"246","10.1186/s12284-023-00635-2","seedling biomass"
"247","10.1186/s12284-023-00635-2"," plant growth"
"248","10.1186/s12284-023-00635-2"," the rice growth"
"249","10.1016/j.ecoenv.2023.114776","biomass micro-indexes"
"250","10.1016/j.ecoenv.2023.114776"," growth"
"251","10.1016/j.ecoenv.2023.114776"," the growth"
"252","10.1016/j.ecoenv.2023.114776"," growth hg"
"253","10.1016/j.micres.2023.127350","biomass"
"254","10.3389/fpls.2023.1140467","exchange rate height diameter biomass"
"255","10.3389/fpls.2023.1140467"," growth yield"
"256","10.3389/fpls.2023.1140467"," plant growth"
"257","10.3389/fpls.2023.1140467"," walnut growth activities"
"258","10.3389/fpls.2023.1140467"," height total biomass"
"259","10.3390/plants12051184","seedling biomass"
"260","10.1186/s12870-023-04111-3","root biomass"
"261","10.1186/s12870-023-04111-3"," biomass"
"262","10.3389/fpls.2023.1101932","growth defense"
"263","10.3389/fpls.2023.1101932"," the responses"
"264","10.3389/fpls.2023.1101932"," plant biomass"
"265","10.3389/fpls.2023.1101932"," the growth"
"266","10.3389/fpls.2023.1101932"," plant responses"
"267","10.3389/fpls.2023.1101932"," plant growth"
"268","10.3390/plants12030547","plant biomass"
"269","10.3390/plants12030547"," the growth"
"270","10.1007/s00442-023-05329-6","biomass"
"271","10.1007/s00442-023-05329-6"," less biomass"
"272","10.3390/microorganisms11010050","plant biomass"
"273","10.3390/microorganisms11010050"," biomass"
"274","10.3390/microorganisms11010050"," growth survival establishment"
"275","10.1007/s00284-022-03145-4","the growth nutrition"
"276","10.1007/s00284-022-03145-4"," shoot biomasses"
"277","10.1007/s00284-022-03145-4"," yield"
"278","10.1016/j.scitotenv.2022.160616","seedling biomass"
"279","10.1016/j.scitotenv.2022.160616"," biomass communities"
"280","10.1016/j.scitotenv.2022.160616"," the growth"
"281","10.1016/j.scitotenv.2022.160550","biomass"
"282","10.1016/j.scitotenv.2022.160550"," microbial biomass"
"283","10.3390/microorganisms10112287","microbial biomass"
"284","10.3390/microorganisms10112287"," the growth"
"285","10.3389/fpls.2022.1022319","root growth"
"286","10.3389/fpls.2022.1022319"," yield"
"287","10.3389/fpls.2022.1022319"," plant biomass"
"288","10.3389/fpls.2022.1022319"," the growth production"
"289","10.3389/fpls.2022.1022319"," plant growth"
"290","10.3389/fpls.2022.993301","biomass"
"291","10.1007/s11356-022-23919-4","dry biomass"
"292","10.1007/s11356-022-23919-4"," plant growth"
"293","10.1007/s11356-022-23919-4"," the growth"
"294","10.1007/s11356-022-23919-4"," growth"
"295","10.1016/j.chemosphere.2022.137106","root biomass"
"296","10.1016/j.chemosphere.2022.137106"," dry biomass"
"297","10.1007/s00248-022-02132-3","biomass"
"298","10.3389/fpls.2022.1015947","root biomass"
"299","10.3389/fpls.2022.1015947"," the biomass aboveground"
"300","10.3389/fpls.2022.1015947"," growth"
"301","10.3389/fpls.2022.1015947"," the biomass nutrient"
"302","10.3390/toxics10100574","the biomass"
"303","10.3390/toxics10100565","soybean accumulation speciation biomass"
"304","10.3390/toxics10100565"," root growth"
"305","10.1080/15592324.2022.2134676","root biomass"
"306","10.1186/s12870-022-03790-8","crop yield"
"307","10.1186/s12870-022-03790-8"," plant biomass"
"308","10.1186/s12870-022-03790-8"," plant growth"
"309","10.1186/s12870-022-03790-8"," growth"
"310","10.3389/fpls.2022.968719","the growth nutrition"
"311","10.3389/fpls.2022.968719"," growth nutrients"
"312","10.3389/fpls.2022.968719"," the growth highest absorption"
"313","10.3389/fpls.2022.968719"," growth nutrients higher"
"314","10.3389/fpls.2022.968719"," plant growth"
"315","10.3389/fpls.2022.968719"," the aboveground biomass"
"316","10.1186/s12864-022-08797-x","switchgrass biomass"
"317","10.1016/j.envpol.2022.120309","growth photosynthetic"
"318","10.1016/j.envpol.2022.120309"," plant growth"
"319","10.1016/j.envpol.2022.120309"," the growth"
"320","10.1016/j.envpol.2022.120309"," the biomass"
"321","10.3389/fmicb.2022.1006140","the growth concentrations"
"322","10.3389/fmicb.2022.1006140"," biomass"
"323","10.3389/fmicb.2022.1006140"," plant growth"
"324","10.3389/fmicb.2022.1006140"," growth"
"325","10.3389/fmicb.2022.1006140"," height"
"326","10.3390/plants11172276","plant biomass"
"327","10.3390/plants11172276"," the growth"
"328","10.3390/plants11172276"," plant growth"
"329","10.3390/plants11172276"," plant growers"
"330","10.3390/plants11172276"," controlled growth"
"331","10.3389/fpls.2022.965576","root mass"
"332","10.3389/fpls.2022.965576"," shoot mass"
"333","10.3389/fpls.2022.965576"," plant biomass"
"334","10.3389/fpls.2022.965576"," mass higher"
"335","10.3389/fpls.2022.965576"," plant growth"
"336","10.1007/s11356-022-22540-9","plant biomass"
"337","10.1007/s11356-022-22540-9"," biomass"
"338","10.1007/s11356-022-22540-9"," growth"
"339","10.3389/fpls.2022.845794","growth cannabinoid yield"
"340","10.3389/fpls.2022.845794"," plant biomass"
"341","10.3389/fpls.2022.845794"," growth yield"
"342","10.3389/fpls.2022.947547","traits growth"
"343","10.3389/fpls.2022.947547"," dry weight"
"344","10.3389/fpls.2022.947547"," plant growth significantly height"
"345","10.3389/fpls.2022.947547"," yield"
"346","10.3389/fpls.2022.947547"," root growth"
"347","10.3389/fpls.2022.947547"," growth activities parameters tolerance"
"348","10.3389/fpls.2022.947547"," microbial biomass"
"349","10.3389/fpls.2022.947547"," plant growth"
"350","10.3389/fpls.2022.947547"," growth soybean activities parameters"
"351","10.3389/fpls.2022.947547"," plant height"
"352","10.3389/fmicb.2022.827293","amf biomass growth"
"353","10.3389/fmicb.2022.827293"," plant growth"
"354","10.3389/fmicb.2022.827293"," plant growth neighboring"
"355","10.3390/plants11141860","increased biomass"
"356","10.3390/plants11141860"," plant growth"
"357","10.1038/s41598-022-17075-5","a biomass resulting"
"358","10.1038/s41396-022-01293-w","plant biomass"
"359","10.1002/fes3.370","shoot biomass"
"360","10.1002/fes3.370"," plant growth"
"361","10.1002/fes3.370"," growth"
"362","10.1002/fes3.370"," biomass increasing"
"363","10.3390/plants11131780","biomass"
"364","10.3390/plants11131743","plant growth"
"365","10.3390/plants11131743"," fruit yield"
"366","10.3390/plants11131743"," vegetative biomass"
"367","10.1016/j.envpol.2022.119661","biomass"
"368","10.1016/j.envpol.2022.119661"," plant growth"
"369","10.1016/j.envpol.2022.119661"," growth"
"370","10.1016/j.envpol.2022.119661"," maize biomass"
"371","10.3389/fpls.2022.898378","plant growth"
"372","10.3389/fpls.2022.898378"," the indexes biomass"
"373","10.3389/fpls.2022.898378"," the growth parameters"
"374","10.3389/fpls.2022.892826","biomass traits"
"375","10.3389/fpls.2022.892826"," biomass"
"376","10.3389/fpls.2022.892826"," root biomass"
"377","10.3389/fpls.2022.892826"," leaf biomass"
"378","10.3389/fpls.2022.898969","plant biomass"
"379","10.3389/fpls.2022.898969"," the growth uptake"
"380","10.1016/j.plantsci.2022.111308","shoot biomass"
"381","10.1016/j.plantsci.2022.111308"," fruit yield"
"382","10.1016/j.plantsci.2022.111308"," height"
"383","10.3389/fmicb.2022.881442","growth resistance"
"384","10.3389/fmicb.2022.881442"," yield"
"385","10.3389/fmicb.2022.881442"," plant growth"
"386","10.3389/fmicb.2022.881442"," growth"
"387","10.3389/fmicb.2022.881442"," growth plant biomass"
"388","10.3389/fmicb.2022.881442"," improvement growth the parameters"
"389","10.1016/j.jhazmat.2022.129077","root biomass"
"390","10.3390/microorganisms10051042","the biomass < ratio"
"391","10.3390/microorganisms10051042"," maize plant biomass"
"392","10.3389/fpls.2022.880181","plant biomass"
"393","10.3389/fpls.2022.880181"," plant growth"
"394","10.3389/fpls.2022.880181"," acquisition biomass"
"395","10.1007/s11356-022-19838-z","growth maize"
"396","10.1007/s11356-022-19838-z"," plant growth"
"397","10.1007/s11356-022-19838-z"," microbial biomass"
"398","10.1007/s11356-022-19838-z"," host plant growth"
"399","10.1080/15226514.2022.2071832","biomass highest"
"400","10.1080/15226514.2022.2071832"," the biomass accumulation"
"401","10.1371/journal.pone.0266526","plant biomass"
"402","10.1371/journal.pone.0266526"," biomass accumulation"
"403","10.1371/journal.pone.0266526"," plant responses"
"404","10.1371/journal.pone.0266526"," plant growth"
"405","10.1371/journal.pone.0266526"," growth nutrition regulated"
"406","10.3390/life12040497","plant biomass"
"407","10.3390/life12040497"," plant growth"
"408","10.3390/life12040497"," root growth"
"409","10.1002/ps.6923","root biomass"
"410","10.1002/ps.6923"," contents biomass aboveground sulfur"
"411","10.1002/ps.6923"," plant biomass"
"412","10.1186/s12870-022-03514-y","root biomass"
"413","10.3390/plants11070861","biomass"
"414","10.3390/plants11070861"," plant growth"
"415","10.3390/plants11070861"," growth"
"416","10.3389/fmicb.2022.814323","aboveground biomass"
"417","10.3389/fmicb.2022.814323"," biomass underground"
"418","10.3389/fmicb.2022.814323"," biomass grain"
"419","10.7717/peerj.13080","belowground biomass"
"420","10.7717/peerj.13080"," plant growth"
"421","10.7717/peerj.13080"," height"
"422","10.7717/peerj.13080"," vegetation biomass"
"423","10.3390/molecules27061752","biomass"
"424","10.3390/molecules27061752"," yield"
"425","10.1111/plb.13402","plant responses"
"426","10.1111/plb.13402"," leaf biomass"
"427","10.1111/plb.13402"," plant growth"
"428","10.1007/s00203-022-02786-0","vulgaris growth parameters"
"429","10.1007/s00203-022-02786-0"," the bean biomass"
"430","10.1016/j.scitotenv.2022.153696","root biomass"
"431","10.1016/j.scitotenv.2022.153696"," shoot biomass production"
"432","10.1016/j.scitotenv.2022.153696"," growth"
"433","10.3390/plants11010089","dry biomass"
"434","10.3390/plants11010089"," growth evapotranspiration nutrition morphology"
"435","10.3390/plants11010089"," yield"
"436","10.1007/s00248-021-01945-y","plant biomass"
"437","10.1007/s00248-021-01945-y"," growth"
"438","10.1007/s00248-021-01945-y"," plant biomass"
"439","10.1007/s00248-021-01945-y"," root mass"
"440","10.1007/s00572-021-01059-w","biomass"
"441","10.1007/s00572-021-01059-w"," plant growth"
"442","10.1007/s00572-021-01059-w"," growth"
"443","10.3390/plants10122716","biomasses bacterial"
"444","10.3390/plants10122716"," plant biomasses"
"445","10.1007/s00284-021-02682-8","plant height"
"446","10.1007/s00284-021-02682-8"," plant growth"
"447","10.1007/s00284-021-02682-8"," dry biomass"
"448","10.1038/s41598-021-03132-y","biomass"
"449","10.1002/eap.2501","the total biomass"
"450","10.1002/eap.2501"," total biomass"
"451","10.1002/eap.2501"," agricultural yields"
"452","10.1002/ppp3.10094","plant biomass"
"453","10.1002/ppp3.10094"," crop yields"
"454","10.1002/ppp3.10094"," growth"
"455","10.1002/ppp3.10094"," yield"
"456","10.1016/j.crmicr.2021.100061","growth survival"
"457","10.1016/j.crmicr.2021.100061"," growth"
"458","10.1016/j.crmicr.2021.100061"," the growth content"
"459","10.1016/j.crmicr.2021.100061"," biomass tissue"
"460","10.1371/journal.pone.0259959","the growth photosynthesis system"
"461","10.1371/journal.pone.0259959"," seedling growth"
"462","10.1371/journal.pone.0259959"," biomass"
"463","10.1016/j.scitotenv.2021.151803","biomass"
"464","10.1016/j.scitotenv.2021.151803"," lower biomass cost"
"465","10.1007/s11356-021-17256-1","biomass"
"466","10.1007/s11356-021-17256-1"," biomass yield"
"467","10.1016/j.scitotenv.2021.151649","growth yield"
"468","10.1016/j.scitotenv.2021.151649"," temperatures"
"469","10.1016/j.scitotenv.2021.151649"," pyrolyzed biomass"
"470","10.1080/15226514.2021.2002809","the biomass"
"471","10.1007/s00572-021-01057-y","total biomass"
"472","10.1007/s00572-021-01057-y"," seedling growth"
"473","10.3389/fpls.2021.740524","root biomass"
"474","10.1016/j.sjbs.2021.08.016","dry weight"
"475","10.1016/j.sjbs.2021.08.016"," microbial biomass"
"476","10.1016/j.sjbs.2021.08.016"," growth the"
"477","10.1016/j.sjbs.2021.08.016"," dry weights"
"478","10.1016/j.sjbs.2021.08.016"," plant height"
"479","10.1016/j.sjbs.2021.08.016"," plant growth"
"480","10.3390/plants10091948","the yields"
"481","10.3390/plants10091948"," yields"
"482","10.3390/plants10091948"," yield"
"483","10.3390/plants10091948"," plant biomass"
"484","10.3390/plants10091948"," root biomass"
"485","10.3390/plants10091948"," plant growth"
"486","10.3390/microorganisms9091803","dry weight biomass"
"487","10.3390/microorganisms9091803"," dry weight weight biomass"
"488","10.3390/microorganisms9091803"," plant growth"
"489","10.1038/s41598-021-97674-w","growth limited biomass"
"490","10.1038/s41598-021-97674-w"," biomass"
"491","10.1038/s41598-021-97674-w"," growth"
"492","10.1038/s41598-021-97674-w"," growth biomass accumulation"
"493","10.1016/j.scitotenv.2021.149904","shoot biomass"
"494","10.3390/molecules26175321","biomass"
"495","10.3390/molecules26175321"," growth production"
"496","10.1016/j.jhazmat.2021.125894","p shoot biomass height"
"497","10.1016/j.jhazmat.2021.125894"," plant height"
"498","10.1016/j.scitotenv.2021.149843","microbial biomass"
"499","10.1007/s00572-021-01048-z","biomass nutrient"
"500","10.1007/s00248-021-01841-5","plant height"
"501","10.1007/s00248-021-01841-5"," root biomass"
"502","10.1007/s00248-021-01841-5"," biomass"
"503","10.1007/s00248-021-01841-5"," growth"
"504","10.1016/j.jenvman.2021.113516","the growth accumulation photosynthesis activities"
"505","10.1016/j.jenvman.2021.113516"," plant growth"
"506","10.1016/j.jenvman.2021.113516"," the biomasses contents"
"507","10.1016/j.jtbi.2021.110859","plant biomass"
"508","10.1016/j.jtbi.2021.110859"," plant growth"
"509","10.1038/s41598-021-94092-w","the height width"
"510","10.1038/s41598-021-94092-w"," biomass"
"511","10.1038/s41598-021-94092-w"," growth"
"512","10.1038/s41598-021-94092-w"," yield"
"513","10.3389/fpls.2021.693044","plant growth"
"514","10.3389/fpls.2021.693044"," microbial biomass"
"515","10.1007/s11356-021-15326-y","dry weight"
"516","10.1007/s11356-021-15326-y"," plant biomass"
"517","10.1007/s11356-021-15326-y"," growth"
"518","10.1007/s00128-021-03329-x","plant biomass"
"519","10.1007/s00128-021-03329-x"," growth maize"
"520","10.1007/s00128-021-03329-x"," plant growth"
"521","10.1007/s00128-021-03329-x"," biomass length"
"522","10.3390/plants10071333","dry weight"
"523","10.3390/plants10071333"," the biomass"
"524","10.3390/plants10071333"," weight"
"525","10.1007/s11356-021-15045-4",NA
"526","10.1002/jsfa.11382","root biomass"
"527","10.1002/jsfa.11382"," growth"
"528","10.1002/jsfa.11382"," growth uptake"
"529","10.1002/jsfa.11382"," shoot weight"
"530","10.1007/s11356-021-14821-6","growth mycorrhiza improved greenness"
"531","10.1007/s11356-021-14821-6"," biomass"
"532","10.1007/s11356-021-14821-6"," shoot biomass"
"533","10.1007/s11356-021-14821-6"," the growth"
"534","10.1007/s11356-021-14821-6"," growth"
"535","10.1007/s11356-021-14821-6"," tolerance biomass"
"536","10.1007/s11356-021-14821-6"," the growth tolerance"
"537","10.3390/plants10050950","dry biomass"
"538","10.3390/jof7050361","plant growth"
"539","10.3390/jof7050361"," biomass"
"540","10.1016/j.scitotenv.2021.147944","production growth development"
"541","10.1016/j.scitotenv.2021.147944"," biomass"
"542","10.1016/j.scitotenv.2021.147944"," biomass amounts higher"
"543","10.1016/j.scitotenv.2021.147944"," eo yields"
"544","10.1016/j.scitotenv.2021.147943","plant biomass"
"545","10.1016/j.scitotenv.2021.147943"," plant growth"
"546","10.1016/j.scitotenv.2021.147943"," the biomass"
"547","10.13287/j.1001-9332.202105.022","root biomasses"
"548","10.13287/j.1001-9332.202105.022"," the growth"
"549","10.13287/j.1001-9332.202105.022"," soybean aboveground biomass % root phosphorus"
"550","10.1111/ppl.13454","plant biomass"
"551","10.1111/ppl.13454"," biomass yield"
"552","10.1111/ppl.13454"," yield"
"553","10.1111/ppl.13454"," biomass yield seed"
"554","10.1016/j.ecoenv.2021.112154","l. chicory growth nutrients"
"555","10.1016/j.ecoenv.2021.112154"," root biomass"
"556","10.1016/j.ecoenv.2021.112154"," chicory growth"
"557","10.1016/j.ecoenv.2021.112154"," shoot biomass"
"558","10.1007/s00572-021-01031-8","n biomass"
"559","10.1007/s00572-021-01031-8"," plant growth"
"560","10.3389/fmicb.2021.618169","total fungal biomass"
"561","10.3389/fmicb.2021.618169"," fungal/bacterial biomass"
"562","10.1186/s12870-021-02949-z","plant biomass"
"563","10.1186/s12870-021-02949-z"," yield growth"
"564","10.1186/s12870-021-02949-z"," yield growth soybean"
"565","10.1186/s12870-021-02949-z"," plant growth"
"566","10.1186/s12870-021-02949-z"," growth"
"567","10.1186/s12870-021-02949-z"," yield grain"
"568","10.1186/s12870-021-02949-z"," the yield growth"
"569","10.1007/s11356-021-13755-3","yield"
"570","10.1007/s11356-021-13755-3"," biomass"
"571","10.1007/s11356-021-13755-3"," plant height"
"572","10.1007/s11356-021-13755-3"," growth"
"573","10.1007/s11356-021-13755-3"," tobacco growth"
"574","10.1007/s11356-021-13755-3"," dry weights"
"575","10.1007/s11356-021-13755-3"," number biomass"
"576","10.1007/s11356-021-13755-3"," oil yield"
"577","10.3389/fpls.2021.614162","biomass"
"578","10.3389/fpls.2021.614162"," growth the"
"579","10.3389/fpls.2021.614162"," vegetation remediation"
"580","10.3389/fpls.2021.614162"," plant growth"
"581","10.3389/fpls.2021.614162"," biomass allocated"
"582","10.3389/fpls.2021.614162"," growth the traits"
"583","10.1016/j.ecoenv.2021.112170","the ryegrass also biomass"
"584","10.1016/j.ecoenv.2021.112170"," the biomass acquisition"
"585","10.1016/j.ecoenv.2021.112170"," plant growth"
"586","10.1007/s00572-021-01028-3","ectomycorrhizal significant biomass length"
"587","10.13227/j.hjkx.202008154","root biomass"
"588","10.13227/j.hjkx.202008154"," plant growth"
"589","10.13227/j.hjkx.202008154"," biomass nutrient"
"590","10.13227/j.hjkx.202008154"," the biomass shoot element contents"
"591","10.1038/s41598-021-85497-8","root biomass"
"592","10.1016/j.ecoenv.2021.112072","onions biomass"
"593","10.1016/j.ecoenv.2021.112072"," biomass"
"594","10.1002/jeq2.20212","root biomass"
"595","10.3389/fpls.2021.617892","dry weight"
"596","10.3389/fpls.2021.617892"," roots growth"
"597","10.3389/fpls.2021.617892"," production biomass"
"598","10.3389/fpls.2021.617892"," yield"
"599","10.3389/fpls.2021.617892"," the biomass roots"
"600","10.3389/fpls.2021.617892"," growth metabolites"
"601","10.1007/s00248-021-01710-1","dry weight"
"602","10.1007/s00248-021-01710-1"," crop yield"
"603","10.1007/s00248-021-01710-1"," height increased compared"
"604","10.1007/s00248-021-01710-1"," plant growth"
"605","10.1007/s00248-021-01710-1"," plant height"
"606","10.1007/s00248-021-01710-1"," greater dry biomass"
"607","10.1007/s00248-021-01710-1"," height"
"608","10.1007/s00128-021-03113-x","7-fold"
"609","10.1007/s00128-021-03113-x"," the biomass"
"610","10.1007/s00128-021-03113-x"," increased biomass"
"611","10.1007/s00128-021-03113-x"," growth"
"612","10.1007/s00128-021-03113-x"," biomass more"
"613","10.1016/j.ecoenv.2021.111996","dry weight"
"614","10.1016/j.ecoenv.2021.111996"," plant growth"
"615","10.1016/j.ecoenv.2021.111996"," the growth"
"616","10.1016/j.ecoenv.2021.111996"," plant biomass"
"617","10.1016/j.envpol.2021.116499","aerial biomass"
"618","10.1016/j.envpol.2021.116499"," body weight"
"619","10.1016/j.envpol.2021.116499"," biomass"
"620","10.3389/fmicb.2020.586050","biomass"
"621","10.3389/fmicb.2020.586050"," growth"
"622","10.1016/j.sjbs.2020.09.053","more biomass"
"623","10.1016/j.sjbs.2020.09.053"," crop yields"
"624","10.1016/j.sjbs.2020.09.053"," the produced biomass i.e."
"625","10.1007/s11356-020-12131-x","the uptake biomass"
"626","10.3390/plants9121801","seed biomass"
"627","10.3390/plants9121801"," biomass"
"628","10.1111/jam.14951","plant growth"
"629","10.1111/jam.14951"," yield"
"630","10.1111/jam.14951"," biomass macronutrient micronutrient improvement"
"631","10.3389/fpls.2020.516818","plant growth"
"632","10.3389/fpls.2020.516818"," the biomass"
"633","10.1016/j.envpol.2020.115980","plant biomass"
"634","10.1016/j.envpol.2020.115980"," biomass photosynthetic"
"635","10.1016/j.jhazmat.2020.124325","rice reduced yield"
"636","10.1016/j.jhazmat.2020.124325"," plant growth"
"637","10.1016/j.jhazmat.2020.124325"," biomass length"
"638","10.3390/microorganisms8111695","growth functioning concentration"
"639","10.3390/microorganisms8111695"," plant growth"
"640","10.1007/s10646-020-02298-x","plant biomass"
"641","10.1007/s10646-020-02298-x"," the growth uptake"
"642","10.1007/s10646-020-02298-x"," plant growth"
"643","10.3390/ijms21217987","dry weight"
"644","10.3390/ijms21217987"," root growth"
"645","10.3390/ijms21217987"," the growth activity"
"646","10.3390/ijms21217987"," enhanced aboveground biomass weight"
"647","10.3390/ijms21217987"," plant growth"
"648","10.3390/ijms21217987"," growth"
"649","10.1007/s00572-020-00991-7","plant growth"
"650","10.1007/s00572-020-00991-7"," growth"
"651","10.1007/s00572-020-00991-7"," the biomass grown"
"652","10.1016/j.ecoenv.2020.111495","biomass"
"653","10.1016/j.ecoenv.2020.111495"," plant growth"
"654","10.1016/j.ecoenv.2020.111495"," the growth"
"655","10.1007/s11356-020-10636-z","the growth"
"656","10.1007/s11356-020-10636-z"," plant biomass"
"657","10.1371/journal.pone.0234099","dry biomass"
"658","10.1371/journal.pone.0234099"," host growth"
"659","10.1371/journal.pone.0234099"," growth"
"660","10.1371/journal.pone.0234099"," dry biomasses"
"661","10.3390/plants9080975","pea biomass more doubled genotypes"
"662","10.3390/plants9080975"," plant growth"
"663","10.3390/plants9080975"," growth"
"664","10.3390/plants9080975"," juncea biomass b."
"665","10.3390/plants9080975"," shoot biomass"
"666","10.1016/j.micres.2020.126556","plant biomass"
"667","10.1016/j.micres.2020.126556"," plant growth"
"668","10.1016/j.micres.2020.126556"," growth uptake"
"669","10.1016/j.ecoenv.2020.110988","plant growth"
"670","10.1016/j.ecoenv.2020.110988"," concentration biomasses"
"671","10.1016/j.jtemb.2020.126594","plant biomass"
"672","10.1016/j.jtemb.2020.126594"," plant growth"
"673","10.1016/j.jtemb.2020.126594"," the biomass"
"674","10.13227/j.hjkx.201906119","microbial biomass"
"675","10.3390/plants9070804","dry weight"
"676","10.3390/plants9070804"," biomass"
"677","10.3390/plants9070804"," plant growth"
"678","10.3390/plants9070804"," the residual biomass"
"679","10.1016/j.ecoenv.2020.110869","biomass"
"680","10.3390/jof6020087","the element growth potential"
"681","10.3390/jof6020087"," biomass"
"682","10.3390/jof6020087"," growth"
"683","10.3390/jof6020087"," aerial plant biomass"
"684","10.3390/jof6020087"," biomass higher"
"685","10.3390/microorganisms8060899","plant biomass"
"686","10.3390/microorganisms8060899"," essential oil yield"
"687","10.3390/microorganisms8060899"," biomass density concentration quantity"
"688","10.3390/microorganisms8060899"," oil yield"
"689","10.1007/s00572-020-00962-y","dry weight"
"690","10.1007/s00572-020-00962-y"," plant biomass"
"691","10.1007/s00572-020-00962-y"," tomato growth"
"692","10.1007/978-1-0716-0603-2_3","erm fresh biomass"
"693","10.1007/s00572-020-00957-9","growth yield grain"
"694","10.1007/s00572-020-00957-9"," growth yield tolerance"
"695","10.1007/s00572-020-00957-9"," root biomass"
"696","10.1007/s00572-020-00957-9"," growth yield"
"697","10.1007/s00572-020-00957-9"," yield rice"
"698","10.1007/s00572-020-00957-9"," yield grain"
"699","10.1007/s00572-020-00957-9"," crop growth yield"
"700","10.3390/microorganisms8040602","increased agricultural crop yields performance"
"701","10.3390/microorganisms8040602"," plant biomass"
"702","10.3390/microorganisms8040602"," growth"
"703","10.1186/s40529-020-00290-6","biomass"
"704","10.1186/s40529-020-00290-6"," plant growth"
"705","10.1186/s40529-020-00290-6"," growth"
"706","10.3390/jof6020044","plant biomass"
"707","10.3390/jof6020044"," biomass"
"708","10.1016/j.envpol.2020.114406","maize biomass uptake"
"709","10.1016/j.envpol.2020.114406"," maize biomass uptake increased"
"710","10.1016/j.ecoenv.2020.110485","shoot biomass"
"711","10.1016/j.ecoenv.2020.110485"," growth"
"712","10.3389/fpls.2020.00072","plant growth"
"713","10.3389/fpls.2020.00072"," grain yield"
"714","10.3389/fpls.2020.00072"," rhizosphere bacterial biomass biodiversity"
"715","10.3390/microorganisms8030364","the growth"
"716","10.3390/microorganisms8030364"," growth the"
"717","10.3390/microorganisms8030364"," nitrogen aboveground biomass"
"718","10.3390/microorganisms8030364"," growth tissue"
"719","10.3390/ijms21051748","plant growth"
"720","10.3390/microorganisms8030327","seedling biomass"
"721","10.3390/microorganisms8030327"," yield"
"722","10.1080/15226514.2020.1725867","growth maize"
"723","10.1080/15226514.2020.1725867"," plant growth"
"724","10.1080/15226514.2020.1725867"," the shoot biomass"
"725","10.1038/s41598-020-59447-9","the aboveground biomass"
"726","10.1038/s41598-020-59447-9"," biomass"
"727","10.1038/s41598-020-59447-9"," maize growth content"
"728","10.1038/s41598-020-59447-9"," the biomass"
"729","10.3390/microorganisms8020230","mean weight"
"730","10.3390/microorganisms8020230"," plant biomass"
"731","10.3390/microorganisms8020230"," plant growth"
"732","10.3390/microorganisms8020230"," the growth"
"733","10.1007/s11356-020-07886-2","ryegrass growth"
"734","10.1007/s11356-020-07886-2"," vegetation destruction"
"735","10.1007/s11356-020-07886-2"," the growth resistance"
"736","10.1007/s11356-020-07886-2"," ryegrass biomass"
"737","10.1007/s11356-020-07886-2"," plant height"
"738","10.1007/s00442-020-04598-9","growth"
"739","10.1007/s00442-020-04598-9"," community biomass"
"740","10.1007/s11356-020-07781-w","biomass phosphorus"
"741","10.1016/j.scitotenv.2019.136294","microbial biomass"
"742","10.1016/j.jenvman.2019.109982","growth maize health"
"743","10.1016/j.jenvman.2019.109982"," growth maize status"
"744","10.1016/j.jenvman.2019.109982"," ion biomass"
"745","10.1016/j.jhazmat.2019.121873","plant biomass"
"746","10.1016/j.jhazmat.2019.121873"," plant growth"
"747","10.1016/j.jhazmat.2019.121873"," growth ameliorated"
"748","10.1016/j.jhazmat.2019.121873"," biomass shoot %"
"749","10.1007/s11356-019-07300-6","plant biomass"
"750","10.1007/s11356-019-07300-6"," plant growth"
"751","10.1007/s00572-019-00927-w","biomass"
"752","10.1007/s00572-019-00927-w"," the growth"
"753","10.1007/s00572-019-00927-w"," growth tomato"
"754","10.1007/s00572-019-00927-w"," plant growth"
"755","10.1007/s00572-019-00927-w"," growth"
"756","10.3390/microorganisms7120651","plant biomass"
"757","10.3390/microorganisms7120651"," crop growth"
"758","10.3390/microorganisms7120651"," biomass shoot"
"759","10.3390/microorganisms7120651"," vegetative growth"
"760","10.3390/microorganisms7120651"," growth"
"761","10.3389/fmicb.2019.02634","the growth rate"
"762","10.3389/fmicb.2019.02634"," ratio biomass"
"763","10.3389/fmicb.2019.02591","the biomass"
"764","10.1007/s11356-019-06785-5","biomass yield"
"765","10.1007/s11356-019-06785-5"," the biomass"
"766","10.1007/s11356-019-06785-5"," the biomass yield"
"767","10.1007/s10661-019-7873-6","biomass biomass aboveground"
"768","10.1007/s10661-019-7873-6"," biomass"
"769","10.1007/s10661-019-7873-6"," the growth"
"770","10.1007/s10661-019-7873-6"," biomass momentous"
"771","10.1007/s10661-019-7873-6"," belowground biomass"
"772","10.1002/jsfa.10166","a growth higher"
"773","10.1002/jsfa.10166"," biomass fresh"
"774","10.1002/jsfa.10166"," biomass"
"775","10.1002/jsfa.10166"," growth the compounds"
"776","10.1002/jsfa.10166"," plant growth"
"777","10.1002/jsfa.10166"," growth"
"778","10.1016/j.ecoenv.2019.109783","shoot biomass"
"779","10.1016/j.ecoenv.2019.109783"," the tuber yields"
"780","10.1016/j.ecoenv.2019.109783"," tuber yield"
"781","10.1038/s41598-019-51369-5","plant biomass"
"782","10.1038/s41598-019-51369-5"," biomass"
"783","10.1038/s41598-019-50354-2","yields"
"784","10.1038/s41598-019-50354-2"," plant biomass"
"785","10.1038/s41598-019-50354-2"," rice yields"
"786","10.1038/s41598-019-50354-2"," plant growth"
"787","10.1038/s41598-019-50354-2"," growth"
"788","10.1016/j.chemosphere.2019.124710","plant biomass"
"789","10.1016/j.chemosphere.2019.124710"," plant growth"
"790","10.1016/j.chemosphere.2019.124710"," biomass shoot irrespective"
"791","10.1007/s00572-019-00914-1","plant biomass"
"792","10.1007/s00572-019-00914-1"," root biomasses"
"793","10.3390/microorganisms7090289","plant biomass"
"794","10.3390/microorganisms7090289"," biomass"
"795","10.3390/microorganisms7090289"," tolerance growth"
"796","10.3390/microorganisms7090289"," high biomass"
"797","10.1007/s42770-019-00125-y","dry biomass"
"798","10.3389/fpls.2019.00843","biomass"
"799","10.3389/fpls.2019.00843"," plant growth"
"800","10.3389/fpls.2019.00843"," yield"
"801","10.3389/fpls.2019.00843"," growth increased"
"802","10.1002/ecy.2855","plant biomass"
"803","10.1002/ecy.2855"," the growth"
"804","10.3389/fpls.2019.00895","plant biomass"
"805","10.3389/fpls.2019.00895"," plant growth"
"806","10.1016/j.ecoenv.2019.109476","microbial biomass"
"807","10.1016/j.jenvman.2019.06.130","plant biomass"
"808","10.1016/j.jenvman.2019.06.130"," plant growth"
"809","10.1016/j.jenvman.2019.06.130"," growth metal"
"810","10.1016/j.jenvman.2019.06.123","plant biomass"
"811","10.1016/j.jenvman.2019.06.123"," root-shoot biomass"
"812","10.1016/j.jenvman.2019.06.123"," plant growth"
"813","10.1016/j.ecoenv.2019.109383","dry weight"
"814","10.1016/j.ecoenv.2019.109383","     × biomass"
"815","10.1016/j.ecoenv.2019.109383"," plant growth"
"816","10.1016/j.ecoenv.2019.109383"," the growth content"
"817","10.1016/j.chemosphere.2019.06.160","the shoot biomass contents"
"818","10.1016/j.chemosphere.2019.06.160"," the biomass uptake"
"819","10.1016/j.chemosphere.2019.06.160"," the yield absorption"
"820","10.1016/j.chemosphere.2019.06.160"," growth"
"821","10.1016/j.jhazmat.2019.120813","plant growth"
"822","10.1371/journal.pone.0218969","yields"
"823","10.1371/journal.pone.0218969"," yield"
"824","10.1371/journal.pone.0218969"," the responses"
"825","10.1371/journal.pone.0218969"," yield nutrient"
"826","10.1371/journal.pone.0218969"," yield root fresh"
"827","10.1371/journal.pone.0218969"," root total biomass"
"828","10.1371/journal.pone.0218969"," yield the root fresh"
"829","10.1371/journal.pone.0218969"," yield cassava"
"830","10.1007/s00572-019-00900-7","biomass"
"831","10.1007/s00572-019-00900-7"," plant growth"
"832","10.1111/nph.15993","seedling biomass"
"833","10.1111/nph.15993"," growth"
"834","10.1007/s00572-019-00898-y","plant growth"
"835","10.1007/s00572-019-00898-y"," nutrition improving biomass"
"836","10.1016/j.envpol.2019.03.060","biomass"
"837","10.1007/s11356-019-05323-7","plant biomass"
"838","10.1007/s11356-019-05323-7"," plant growth"
"839","10.1007/s11356-019-05323-7"," plant biomass dry"
"840","10.3390/molecules24081603",NA
"841","10.1039/c8ra10442e","height biomass malondialdehyde activities"
"842","10.1039/c8ra10442e"," the height biomass"
"843","10.1039/c8ra10442e"," host plant growth"
"844","10.1039/c8ra10442e"," height whole-plant biomass"
"845","10.1007/s00572-019-00890-6","the biomass rate"
"846","10.1007/s00572-019-00890-6"," host plant growth"
"847","10.1007/s00572-019-00890-6"," the biomass"
"848","10.1016/j.chemosphere.2018.12.211","shoot biomass"
"849","10.1016/j.chemosphere.2018.12.211"," well-organized"
"850","10.34133/2019/5893953","biomass aboveground"
"851","10.34133/2019/5893953"," plant biomass"
"852","10.34133/2019/5893953"," biomass"
"853","10.34133/2019/5893953"," biomass the shoot"
"854","10.34133/2019/5893953"," mycorrhizal growth"
"855","10.34133/2019/5893953"," tomato growth"
"856","10.34133/2019/5893953"," biomass shoot"
"857","10.1007/s00572-019-00884-4","grain biomass yield"
"858","10.1007/s00572-019-00884-4"," biomass"
"859","10.1007/s00572-019-00884-4"," plant biomass"
"860","10.1371/journal.pone.0213672","n biomass"
"861","10.1371/journal.pone.0213672"," root biomass"
"862","10.1371/journal.pone.0213672"," belowground growth"
"863","10.3390/foods8030090","shoot biomass"
"864","10.3390/foods8030090"," biomass"
"865","10.3390/foods8030090"," foliar biomasses"
"866","10.3390/foods8030090"," eo yield"
"867","10.7717/peerj.6421","the biomass content"
"868","10.1007/s00572-019-00883-5","plant biomass"
"869","10.1007/s00572-019-00883-5"," biomass"
"870","10.3389/fpls.2018.01906","root biomass"
"871","10.3389/fpls.2018.01906"," vegetative growth"
"872","10.1007/s11356-019-04256-5","biomass"
"873","10.1007/s11356-019-04256-5"," plant growth"
"874","10.1111/1758-2229.12729","plant biomass"
"875","10.1111/1758-2229.12729"," plant growth"
"876","10.1111/1758-2229.12729"," contrasting temperatures community"
"877","10.1016/j.ecoenv.2018.12.097","biomass"
"878","10.1016/j.ecoenv.2018.12.097"," plant growth"
"879","10.1016/j.scitotenv.2018.11.317","growth uptake the nutrient"
"880","10.1016/j.scitotenv.2018.11.317"," plant growth"
"881","10.1016/j.scitotenv.2018.11.317"," biomass p ca mg contents"
"882","10.1016/j.scitotenv.2018.11.317"," the biomass contents"
"883","10.1002/ajb2.1206","growth"
"884","10.1002/ajb2.1206"," plant growth"
"885","10.1002/ajb2.1206"," mycorrhizal growth"
"886","10.1002/ajb2.1206"," more shoot biomass"
"887","10.3389/fpls.2018.01611","root biomass"
"888","10.3389/fpls.2018.01611"," dry weights"
"889","10.3389/fpls.2018.01611"," plant growth"
"890","10.3389/fpls.2018.01611"," fruit yield"
"891","10.3389/fpls.2018.01631","root biomass"
"892","10.3389/fpls.2018.01631"," dry mass"
"893","10.3389/fpls.2018.01631"," growth"
"894","10.3389/fpls.2018.01605","plant responses"
"895","10.3389/fpls.2018.01605"," biomass"
"896","10.1016/j.chemosphere.2018.11.085","plant biomass"
"897","10.13287/j.1001-9332.201809.034","maize growth absorption efficiency"
"898","10.13287/j.1001-9332.201809.034"," plant biomass"
"899","10.13287/j.1001-9332.201809.034"," maize growth"
"900","10.13287/j.1001-9332.201809.034"," efficiency content biomass"
"901","10.1016/j.ecoenv.2018.10.046","dry biomass"
"902","10.1016/j.ecoenv.2018.10.046"," hm the growth acquisition"
"903","10.1016/j.ecoenv.2018.10.046"," yield"
"904","10.1016/j.ecoenv.2018.10.046"," the average yield"
"905","10.19540/j.cnki.cjcmm.20180528.004","root biomass"
"906","10.19540/j.cnki.cjcmm.20180528.004"," biomass constituents"
"907","10.19540/j.cnki.cjcmm.20180528.004"," the growth"
"908","10.19540/j.cnki.cjcmm.20180528.004"," biomass biomass above-ground"
"909","10.1016/j.chemosphere.2018.09.143","biomass"
"910","10.1016/j.chemosphere.2018.09.143"," growth"
"911","10.1016/j.chemosphere.2018.08.147","plant biomass"
"912","10.1186/s12898-018-0197-5","aboveground biomass"
"913","10.1186/s12898-018-0197-5"," biomass more annual high"
"914","10.1186/s12898-018-0197-5"," growth"
"915","10.1007/s12088-018-0749-6","plant biomass"
"916","10.1007/s12088-018-0749-6"," plant growth"
"917","10.1007/s12088-018-0749-6"," the growth"
"918","10.1002/ecy.2502","biomass"
"919","10.1002/ecy.2502"," biomass amf"
"920","10.1002/ecy.2502"," biomass"
"921","10.1002/ecy.2502"," the growth"
"922","10.1002/ecy.2502"," plant growth"
"923","10.3390/plants7030063","mean weight"
"924","10.3390/plants7030063"," a algal dried biomass combinations"
"925","10.3390/plants7030063"," total yield grain"
"926","10.3390/plants7030063"," growth"
"927","10.3390/plants7030063"," corn yield grain"
"928","10.3390/plants7030063"," corn yield l."
"929","10.1016/j.plantsci.2018.05.015","concentration biomass expression"
"930","10.1016/j.plantsci.2018.05.015"," the biomass"
"931","10.1016/j.plantsci.2018.05.015"," improving yield"
"932","10.3389/fpls.2018.01046","total biomass"
"933","10.1007/s00572-018-0856-6","reproductive yield"
"934","10.1007/s00572-018-0856-6"," root biomass"
"935","10.1007/s00572-018-0856-6"," growth metabolism ion-homeostasis uptake"
"936","10.1007/s00572-018-0856-6"," plant growth"
"937","10.3390/ijms19082160","the biomass"
"938","10.3390/ijms19082160"," yield"
"939","10.3390/ijms19082160"," plant biomass"
"940","10.3390/ijms19082160"," biomass"
"941","10.3390/ijms19082160"," c soybean biomass"
"942","10.1007/s00572-018-0853-9","plant growth"
"943","10.1007/s00572-018-0853-9"," bulk biomass"
"944","10.13227/j.hjkx.201702041",":p concentrations increased ratios"
"945","10.13227/j.hjkx.201702041"," biomass uptake"
"946","10.13227/j.hjkx.201702041"," biomass concentrations"
"947","10.13227/j.hjkx.201702041"," growth"
"948","10.13227/j.hjkx.201702041"," dry weights"
"949","10.13227/j.hjkx.201702041"," :p ratios"
"950","10.1007/s00572-018-0844-x","andropogon gerardii plant biomass"
"951","10.1007/s00572-018-0844-x"," plant growth"
"952","10.1016/j.envpol.2018.06.003","biomass maize"
"953","10.1016/j.envpol.2018.06.003"," plant growth"
"954","10.1016/j.envpol.2018.06.003"," the biomass uptake uptake translocation"
"955","10.1080/15226514.2018.1438358","dry weight"
"956","10.1080/15226514.2018.1438358"," growth maize"
"957","10.1080/15226514.2018.1438358"," biomass the"
"958","10.1080/15226514.2018.1438358"," plant growth"
"959","10.1080/15226514.2018.1438358"," maize biomass contents"
"960","10.1007/s00572-018-0839-7","published"
"961","10.1007/s00572-018-0839-7"," biomass"
"962","10.3389/fpls.2018.00607","biomass"
"963","10.3389/fpls.2018.00607"," dry mass"
"964","10.1186/s12284-018-0226-1","seedling biomass"
"965","10.1186/s12284-018-0226-1"," the growth"
"966","10.1186/s12284-018-0226-1"," rice growth"
"967","10.1093/femsec/fiy092","plant biomass"
"968","10.1093/femsec/fiy092"," plant growth"
"969","10.1093/femsec/fiy092"," autochthonous shrubs growth"
"970","10.1016/j.envpol.2018.04.138","plant biomass"
"971","10.1016/j.envpol.2018.04.138"," biomass"
"972","10.1016/j.ecoenv.2018.03.073","plant biomass"
"973","10.7717/peerj.4425","the growth"
"974","10.7717/peerj.4425"," the concentrations biomass"
"975","10.1007/s00572-018-0826-z","plant biomass"
"976","10.1007/s00572-018-0826-z"," ryegrass biomass shoot"
"977","10.1007/s00572-018-0826-z"," growth"
"978","10.1007/s11356-018-1533-1","cu the biomass phytotoxicity"
"979","10.3389/fpls.2018.00093","shoot biomass"
"980","10.3389/fpls.2018.00093"," biomass"
"981","10.3389/fpls.2018.00093"," dry mass"
"982","10.3389/fpls.2018.00093"," root growth"
"983","10.1016/j.scitotenv.2018.01.331","the concentrations biomasses acquisitions"
"984","10.1016/j.scitotenv.2018.01.331"," the growth responses"
"985","10.1016/j.scitotenv.2018.01.331"," concentrations the biomasses acquisitions"
"986","10.1590/0001-3765201820160189","yield aboveground biomass uptake"
"987","10.1590/0001-3765201820160189"," yield biomass grain"
"988","10.1590/0001-3765201820160189"," growth cowpea yield"
"989","10.1590/0001-3765201820160189"," biomass"
"990","10.1590/0001-3765201820160189"," plant growth"
"991","10.1590/0001-3765201820160189"," growth nutrition yield"
"992","10.1590/0001-3765201820160189"," cowpea yield"
"993","10.1139/cjm-2017-0521","plant growth"
"994","10.1139/cjm-2017-0521"," the biomass"
"995","10.3389/fpls.2017.02236","biomass yield"
"996","10.3389/fpls.2017.02236"," biomass yield tolerance"
"997","10.3389/fpls.2017.02236"," growth"
"998","10.1007/s00572-018-0823-2","shoot biomass"
"999","10.1007/s00572-018-0823-2"," plant height"
"1000","10.1007/s00572-018-0823-2"," root growth"
"1001","10.1007/s00572-018-0819-y","the fungus increased biomass yield"
"1002","10.1007/s00572-018-0819-y"," plant biomass"
"1003","10.1007/s00572-018-0819-y"," increased biomass yield"
"1004","10.1007/s00572-018-0819-y"," plant growth"
"1005","10.1007/s00572-018-0819-y"," biomass yield"
"1006","10.7717/peerj.4183","plant growth"
"1007","10.7717/peerj.4183"," the aboveground biomass"
"1008","10.7717/peerj.4183"," belowground biomass"
"1009","10.1186/s13104-017-3105-8","dry biomass"
"1010","10.1016/j.chemosphere.2017.12.025","greater biomass"
"1011","10.1016/j.chemosphere.2017.12.025"," growth maize"
"1012","10.1016/j.chemosphere.2017.12.025"," plant growth"
"1013","10.1016/j.chemosphere.2017.12.025"," growth no. activities"
"1014","10.3934/microbiol.2017.4.938","microbial biomass"
"1015","10.1016/j.scitotenv.2017.11.188","plant growth"
"1016","10.1016/j.scitotenv.2017.11.188"," growth"
"1017","10.1016/j.scitotenv.2017.11.188"," plant biomass"
"1018","10.1007/s00572-017-0809-5","shoot growth"
"1019","10.1007/s00572-017-0809-5"," root biomass"
"1020","10.1007/s00572-017-0809-5"," the growth root architecture"
"1021","10.1007/s00425-017-2808-3","biomass"
"1022","10.1007/s00425-017-2808-3"," growth"
"1023","10.1007/s00425-017-2808-3"," high-yield biomass"
"1024","10.1016/j.scitotenv.2017.09.066","shoot biomass"
"1025","10.1016/j.bjm.2017.04.005","dry weight"
"1026","10.1016/j.bjm.2017.04.005"," plant growth"
"1027","10.1016/j.bjm.2017.04.005"," dry weights"
"1028","10.1016/j.bjm.2017.04.005"," growth status metabolism"
"1029","10.1016/j.ecoenv.2017.06.059",NA
"1030","10.1016/j.jenvman.2017.06.036","wheat plant growth"
"1031","10.1016/j.jenvman.2017.06.036"," the aboveground biomass"
"1032","10.1007/s11356-017-9463-x","higher biomass"
"1033","10.1007/s11356-017-9463-x"," yield"
"1034","10.1007/s11356-017-9463-x"," adversely affecting growth"
"1035","10.1007/s11356-017-9463-x"," root biomass"
"1036","10.1007/s11356-017-9463-x"," productivity biomass"
"1037","10.1007/s11356-017-9463-x"," growth productivity"
"1038","10.1007/s11356-017-9463-x"," growth"
"1039","10.1007/s11356-017-9463-x"," shoot biomass"
"1040","10.3389/fpls.2017.00931","root biomass"
"1041","10.3389/fpls.2017.00931"," 4.4-folds"
"1042","10.3389/fpls.2017.00931"," plant growth"
"1043","10.3389/fpls.2017.00931"," growth the contents"
"1044","10.1039/c7mt00072c",NA
"1045","10.1007/s00572-017-0778-8","plant biomass"
"1046","10.1007/s00572-017-0778-8"," biomass"
"1047","10.1007/s00248-017-0999-6","dry biomass"
"1048","10.1007/s00248-017-0999-6"," the growth"
"1049","10.1080/15226514.2017.1284751","plant biomass"
"1050","10.1080/15226514.2017.1284751"," biomass"
"1051","10.1080/15226514.2017.1284751"," plant growth"
"1052","10.1016/j.scitotenv.2017.05.047","root biomass"
"1053","10.1016/j.scitotenv.2017.05.047"," the added grain yield grown"
"1054","10.1016/j.scitotenv.2017.05.047"," growth"
"1055","10.1016/j.scitotenv.2017.05.047"," rice growth"
"1056","10.3389/fpls.2017.00684","plant biomass"
"1057","10.3389/fpls.2017.00684"," biomass"
"1058","10.1007/s00572-017-0775-y","biomass"
"1059","10.3389/fpls.2017.00517","photosynthesis height"
"1060","10.3389/fpls.2017.00517"," plant biomass"
"1061","10.3389/fpls.2017.00517"," plant growth"
"1062","10.1016/j.envpol.2017.03.058","crop growth development"
"1063","10.1016/j.envpol.2017.03.058"," crop yields"
"1064","10.1016/j.envpol.2017.03.058"," biomass"
"1065","10.1016/j.envpol.2017.03.058"," growth"
"1066","10.1016/j.envpol.2017.03.058"," growth increased capacity"
"1067","10.1007/s00572-017-0768-x","biomass"
"1068","10.1007/s00572-017-0768-x"," the biomass highest"
"1069","10.1007/s00572-017-0768-x"," biomass yield"
"1070","10.1007/s00572-017-0768-x"," growth"
"1071","10.1007/s00572-017-0768-x"," biomass both yield survivability"
"1072","10.1002/ecy.1793","microbial biomass"
"1073","10.1007/s11356-017-8649-6","mycelial growth"
"1074","10.1007/s11356-017-8649-6"," the biomass"
"1075","10.1139/cjm-2016-0597","growth"
"1076","10.1139/cjm-2016-0597"," the biomass"
"1077","10.2134/jeq2016.04.0125","corn biomass days"
"1078","10.2134/jeq2016.04.0125"," mycorrhization biomass"
"1079","10.2134/jeq2016.04.0125"," growth"
"1080","10.2134/jeq2016.04.0125"," biomass corn"
"1081","10.1016/j.plaphy.2017.01.001","shoot growth"
"1082","10.1016/j.plaphy.2017.01.001"," biomass"
"1083","10.1016/j.plaphy.2017.01.001"," the growth development"
"1084","10.1002/jsfa.8201","biomass"
"1085","10.1002/jsfa.8201"," plant growth"
"1086","10.1002/jsfa.8201"," the growth"
"1087","10.1002/jsfa.8201"," grain yield content"
"1088","10.1016/j.scitotenv.2016.12.031","root/shoot biomass"
"1089","10.3389/fpls.2016.01901","biomass content"
"1090","10.3389/fpls.2016.01901"," crop yield efficiency"
"1091","10.3389/fpls.2016.01901"," yield"
"1092","10.3389/fpls.2016.01901"," growth"
"1093","10.1371/journal.pone.0167014","yield higher grain"
"1094","10.1371/journal.pone.0167014"," crop yield"
"1095","10.1371/journal.pone.0167014"," yield rice"
"1096","10.1371/journal.pone.0167014"," plant growth"
"1097","10.1371/journal.pone.0167014"," yield grain index"
"1098","10.1016/j.bjm.2016.10.012","growth development"
"1099","10.1016/j.bjm.2016.10.012"," the development growth"
"1100","10.1016/j.bjm.2016.10.012"," biomass"
"1101","10.1007/s00442-016-3771-6","mycorrhizal growth"
"1102","10.1007/s00442-016-3771-6"," plant growth"
"1103","10.1007/s00442-016-3771-6"," the growth"
"1104","10.1007/s00442-016-3771-6"," the biomass"
"1105","10.1080/15226514.2016.1244157","biomass"
"1106","10.1080/15226514.2016.1244157"," plant growth"
"1107","10.1080/15226514.2016.1244157"," growth"
"1108","10.1016/j.chemosphere.2016.09.145","the growth nutrient uptake"
"1109","10.1016/j.chemosphere.2016.09.145"," total biomass"
"1110","10.1016/j.chemosphere.2016.09.145"," shoot biomass"
"1111","10.1002/ece3.2456","plant biomass"
"1112","10.1002/ece3.2456"," biomass"
"1113","10.1002/ece3.2456"," belowground biomass"
"1114","10.1002/ece3.2456"," more biomass"
"1115","10.3389/fmicb.2016.01246","published"
"1116","10.3389/fmicb.2016.01246"," total biomass"
"1117","10.3389/fmicb.2016.01246"," responses"
"1118","10.13277/j.hjkx.2016.08.049","yields"
"1119","10.13277/j.hjkx.2016.08.049"," plant biomass"
"1120","10.13277/j.hjkx.2016.08.049"," growth the"
"1121","10.13277/j.hjkx.2016.08.049"," plant growth"
"1122","10.13277/j.hjkx.2016.08.049"," growth"
"1123","10.1080/15226514.2016.1207596","a fast-growing high biomass producing"
"1124","10.1080/15226514.2016.1207596"," growth higher"
"1125","10.1080/15226514.2016.1207596"," biomass uptake"
"1126","10.1080/15226514.2016.1207596"," biomass"
"1127","10.1080/15226514.2016.1207596"," the growth capabilities"
"1128","10.3389/fmicb.2016.01030","mulberry biomass"
"1129","10.3389/fmicb.2016.01030"," root biomass"
"1130","10.3389/fmicb.2016.01030"," shoot height"
"1131","10.3389/fmicb.2016.01030"," growth"
"1132","10.3389/fmicb.2016.01030"," silkworm growth"
"1133","10.1080/15226514.2016.1207602","the growth response uptake"
"1134","10.1080/15226514.2016.1207602"," plant growth"
"1135","10.1080/15226514.2016.1207602"," higher biomass nutritional performance"
"1136","10.1016/j.ecoenv.2016.06.012","plant growth"
"1137","10.1016/j.ecoenv.2016.06.012"," mycorrhizal symbiosis biomass"
"1138","10.1186/s12862-016-0698-9","host biomass"
"1139","10.1186/s12862-016-0698-9"," plant biomass"
"1140","10.1186/s12862-016-0698-9"," plant growth"
"1141","10.1007/s00572-016-0712-5","plant biomass"
"1142","10.1007/s00572-016-0712-5"," plant growth"
"1143","10.1007/s00572-016-0712-5"," growth"
"1144","10.1007/s11356-016-6941-5","ryegrass biomass"
"1145","10.1007/s00248-016-0779-8","early growth"
"1146","10.1007/s00248-016-0779-8"," stable growth"
"1147","10.15517/rbt.v64i2.20289","dry biomass"
"1148","10.15517/rbt.v64i2.20289"," biomass"
"1149","10.15517/rbt.v64i2.20289"," height number"
"1150","10.15517/rbt.v64i2.20289"," growth"
"1151","10.15517/rbt.v64i2.20289"," height"
"1152","10.1016/j.crvi.2016.04.009","the tolerance growth"
"1153","10.1016/j.crvi.2016.04.009"," biomass"
"1154","10.1016/j.crvi.2016.04.009"," growth"
"1155",NA,"biomass"
"1156",NA," microbial biomass"
"1157","10.1007/s00572-016-0699-y","the shoot biomass"
"1158","10.1021/acs.jafc.6b00408","biomass profile content"
"1159","10.1021/acs.jafc.6b00408"," the yield"
"1160","10.1021/acs.jafc.6b00408"," 1.5-fold"
"1161","10.1021/acs.jafc.6b00408"," the biomass"
"1162",NA,"n p ratios"
"1163",NA," biomass uptake"
"1164",NA," the growth"
"1165",NA," biomass contents"
"1166","10.1371/journal.pone.0153378","mean weight"
"1167","10.1371/journal.pone.0153378"," plant biomass"
"1168","10.1371/journal.pone.0153378"," pseudoacacia strength r. growth improved the"
"1169","10.1371/journal.pone.0153378"," plant growth"
"1170","10.1093/aobpla/plw018","higher biomass"
"1171","10.1093/aobpla/plw018"," the growth biomass highest"
"1172","10.1093/aobpla/plw018"," root growth"
"1173","10.1093/aobpla/plw018"," growth biomass"
"1174","10.1093/aobpla/plw018"," growth"
"1175","10.1007/s11356-016-6337-6","plant biomass"
"1176","10.1371/journal.pone.0150181","plant biomass"
"1177","10.1371/journal.pone.0150181"," biomass"
"1178","10.1371/journal.pone.0150181"," the growth"
"1179","10.1371/journal.pone.0150181"," growth"
"1180","10.1038/srep21805","plant growth"
"1181","10.1038/srep21805"," the growth"
"1182","10.1038/srep21805"," biomass roots"
"1183","10.1007/s00572-016-0687-2","biomass"
"1184","10.1038/srep20469","plant biomass"
"1185","10.1038/srep20469"," the growth"
"1186","10.1038/srep20469"," growth"
"1187","10.1093/jxb/erv561","shoot biomass"
"1188","10.1093/jxb/erv561"," microbial biomass"
"1189","10.1093/jxb/erv561"," the hyphal growth"
"1190","10.1016/j.jplph.2015.11.007","plant biomass"
"1191","10.1016/j.jplph.2015.11.007"," plant growth"
"1192","10.3923/pjbs.2016.158.170","dry weight"
"1193","10.3923/pjbs.2016.158.170"," growth absorption"
"1194","10.3923/pjbs.2016.158.170"," growth biomass"
"1195","10.1371/journal.pone.0145793","plant responses"
"1196","10.1371/journal.pone.0145793"," 1000-seed weight"
"1197","10.1371/journal.pone.0145793"," vegetative biomass"
"1198","10.1371/journal.pone.0145793"," inflorescence biomass biomass"
"1199","10.1371/journal.pone.0145726","biomass"
"1200","10.1371/journal.pone.0145726"," the growth"
"1201","10.1080/15226514.2015.1131232","growth"
"1202","10.1080/15226514.2015.1131232"," aerial biomass"
"1203","10.1080/15226514.2015.1131232"," biomass root"
"1204","10.1007/s11356-015-5914-4","root biomass"
"1205","10.1007/s11356-015-5914-4"," growth"
"1206","10.1007/s11356-015-5914-4"," growth accumulation status"
"1207",NA,"dry biomass"
"1208","10.1007/s00572-015-0670-3","plant biomass"
"1209","10.1007/s00572-015-0670-3"," dry mass"
"1210","10.1007/s00572-015-0666-z","fruit yields"
"1211","10.3389/fpls.2015.00815","the aboveground biomass inoculation"
"1212","10.3389/fpls.2015.00815"," uptake yield"
"1213","10.3389/fpls.2015.00815"," plant growth"
"1214","10.3389/fpls.2015.00815"," biomass yield"
"1215","10.3389/fpls.2015.00815"," the aboveground biomass yield compared"
"1216","10.1007/s00572-015-0659-y","higher biomass"
"1217","10.1007/s00572-015-0659-y"," tree growth viability"
"1218","10.1007/s00572-015-0659-y"," plant growth"
"1219","10.1007/s00572-015-0659-y"," seedling growth"
"1220","10.1007/s11356-015-5094-2","biomass mass"
"1221","10.1007/s11356-015-5094-2"," dry mass"
"1222","10.1007/s11356-015-5094-2"," plant growth"
"1223","10.1007/s11356-015-5094-2"," sativa growth"
"1224",NA,"dry weight"
"1225",NA," biomass"
"1226",NA," the growth"
"1227",NA," biomass grown the contents"
"1228",NA," the biomass uptake"
"1229","10.1111/pce.12600","plant biomass"
"1230","10.1111/pce.12600"," plant growth"
"1231","10.1111/pce.12600"," clover yield"
"1232","10.1371/journal.pone.0128841","root growth"
"1233","10.1371/journal.pone.0128841"," biomass ration total"
"1234","10.1371/journal.pone.0128841"," shoot growth"
"1235","10.1371/journal.pone.0128841"," root biomass"
"1236","10.1371/journal.pone.0128841"," biomass system"
"1237","10.1371/journal.pone.0128841"," growth"
"1238","10.1371/journal.pone.0128841"," morphological growth"
"1239","10.1016/j.chemosphere.2015.04.023","biomass"
"1240","10.1016/j.chemosphere.2015.04.023"," plant growth"
"1241","10.3390/jof1010055","soil biomass fungal"
"1242","10.3390/jof1010055"," fungal biomass"
"1243","10.1007/s00572-015-0638-3","plant biomass"
"1244","10.1007/s00572-015-0638-3"," plant biomass"
"1245","10.3389/fmicb.2015.00203","mean weight"
"1246","10.3389/fmicb.2015.00203"," growth height"
"1247","10.3389/fmicb.2015.00203"," root biomass"
"1248","10.3389/fmicb.2015.00203"," plant growth"
"1249","10.3389/fmicb.2015.00203"," plant height"
"1250","10.1080/15226514.2014.989311","plant biomass"
"1251","10.1080/15226514.2014.989311"," the growth activity"
"1252","10.1080/15226514.2014.989311"," plant growth"
"1253","10.1080/15226514.2014.989311"," growth"
"1254","10.1080/15226514.2014.989311"," growth improved"
"1255","10.1007/s11356-014-3837-0","dry weight"
"1256","10.1007/s11356-014-3837-0"," plant biomass"
"1257","10.1007/s11356-014-3837-0"," plant growth"
"1258","10.1016/j.scitotenv.2015.01.085","shoot biomass"
"1259","10.1016/j.scitotenv.2015.01.085"," the shoot biomass"
"1260","10.1038/srep08122","biomass"
"1261","10.1038/srep08122"," plant growth"
"1262","10.1038/srep08122"," growth"
"1263","10.1016/j.ecoenv.2014.12.033","growth traits"
"1264","10.1016/j.ecoenv.2014.12.033"," biomass"
"1265","10.1016/j.ecoenv.2014.12.033"," growth allocation"
"1266","10.3389/fmicb.2014.00682","growth enzyme content calmodulin anion"
"1267","10.3389/fmicb.2014.00682"," plant height"
"1268","10.3389/fmicb.2014.00682"," growth"
"1269","10.3389/fmicb.2014.00682"," biomass"
"1270","10.1080/15226514.2014.950408","dry biomass"
"1271","10.1080/15226514.2014.950408"," the growth"
"1272","10.1016/j.jplph.2014.08.019","plant growth"
"1273","10.1016/j.jplph.2014.08.019"," plant drought"
"1274","10.1016/j.ecoenv.2014.09.019","dry biomass"
"1275","10.1007/s00572-014-0613-4",NA
"1276",NA,"biomass"
"1277",NA," the growth uptake accumulation"
"1278",NA,"biomass"
"1279",NA," growth status"
"1280",NA," p the growth"
"1281","10.1007/s10646-014-1368-6","shoot biomass"
"1282","10.1007/s10646-014-1368-6"," root biomass"
"1283","10.5423/PPJ.OA.10.2012.0156","dry biomass"
"1284","10.5423/PPJ.OA.10.2012.0156"," plant growth"
"1285","10.1016/j.jes.2014.07.013","plant growth"
"1286","10.1016/j.jes.2014.07.013"," non-inoculated shoot biomass"
"1287","10.1016/j.jes.2014.07.013"," plant growth host"
"1288","10.1007/s00442-014-3091-7","plant biomass"
"1289","10.1007/s00442-014-3091-7"," plant growth"
"1290","10.1007/s10646-014-1331-6","6-week growth the first"
"1291","10.1007/s10646-014-1331-6"," 9-week growth"
"1292","10.1007/s10646-014-1331-6"," growth"
"1293","10.1007/s10646-014-1331-6"," maize biomass"
"1294","10.1007/s00572-014-0600-9","plant biomass"
"1295","10.1007/s00572-014-0600-9"," plant growth"
"1296","10.1007/s00572-014-0600-9"," biomass yield uptake"
"1297","10.1007/s00572-014-0600-9"," biomass highest yield"
"1298","10.1007/s11356-014-3396-4","dry weight"
"1299","10.1007/s11356-014-3396-4"," the growth"
"1300","10.1007/s11356-014-3396-4"," plant biomass"
"1301","10.1007/s00572-014-0596-1","plant biomass"
"1302","10.1371/journal.pone.0101487","plant biomass"
"1303","10.1016/j.scitotenv.2014.06.045","biomass"
"1304","10.1016/j.scitotenv.2014.06.045"," biomass increased"
"1305","10.1016/j.scitotenv.2014.06.045"," fungal biomass"
"1306","10.1016/j.scitotenv.2014.06.045"," the biomass"
"1307","10.1080/15226514.2013.856852","biomass"
"1308","10.1890/13-0025.1","plant biomass"
"1309","10.1890/13-0025.1"," mass"
"1310","10.1890/13-0025.1"," the growth"
"1311","10.1890/13-0025.1"," amf responses"
"1312","10.1111/nph.12876","shoot growth"
"1313","10.1111/nph.12876"," growth"
"1314","10.1007/s11356-014-2938-0",NA
"1315","10.1007/s00284-014-0589-5","dry weight"
"1316","10.1007/s00284-014-0589-5"," seedling growth"
"1317","10.1007/s00284-014-0589-5"," biomass activity"
"1318","10.1007/s00284-014-0589-5"," height"
"1319","10.1007/s00572-014-0582-7","root biomass"
"1320","10.1007/s00572-014-0582-7"," plant biomass"
"1321","10.1007/s00572-014-0582-7"," crop yield agriculture"
"1322","10.1007/s00572-014-0582-7"," uptake growth"
"1323","10.1038/srep04671","a kangkong yield higher %"
"1324","10.1038/srep04671"," accelerated growth resulted"
"1325","10.1038/srep04671"," kangkong yield"
"1326","10.1038/srep04671"," plant growth"
"1327","10.1038/srep04671"," growth accumulation forsk"
"1328","10.1371/journal.pone.0093967","mycorrhizal aboveground biomass"
"1329","10.1371/journal.pone.0093967"," plant growth"
"1330","10.1371/journal.pone.0093967"," lower aboveground biomass"
"1331",NA,"plant growth"
"1332",NA," biomass yield"
"1333","10.1371/journal.pone.0090738","fixation forage yield"
"1334","10.1371/journal.pone.0090738"," plant growth"
"1335","10.1371/journal.pone.0090738"," fixation total biomass content"
"1336","10.1371/journal.pone.0090738"," growth clover fixation"
"1337","10.1016/j.jplph.2013.10.023","plant growth"
"1338","10.1016/j.jplph.2013.10.023"," the growth development"
"1339","10.1016/j.jplph.2013.10.023"," root growth"
"1340","10.1016/j.jplph.2013.10.023"," the biomass"
"1341","10.1007/s11356-014-2696-z","root biomass"
"1342","10.1007/s10646-014-1200-3","plant biomass"
"1343","10.1007/s00572-014-0555-x","height growth"
"1344","10.1007/s00572-014-0555-x"," dry biomass"
"1345","10.1007/s00572-014-0555-x"," growth survival"
"1346","10.1007/s00572-014-0555-x"," seedling inoculation"
"1347","10.1007/s00572-014-0555-x"," growth"
"1348","10.3732/ajb.1300262","only dry mass"
"1349","10.3732/ajb.1300262"," plant growth"
"1350","10.3732/ajb.1300262"," growth"
"1351","10.3732/ajb.1300262"," shoot biomass"
"1352","10.3732/ajb.1300262"," mycorrhizal growth"
"1353","10.1890/13-1821.1","biomass"
"1354","10.1890/13-1821.1"," significant growth"
"1355","10.1590/s1517-83822014000400007","benefiting growth"
"1356","10.1590/s1517-83822014000400007"," biomass"
"1357","10.1038/ismej.2013.224","plant biomass"
"1358","10.1038/ismej.2013.224"," the destruction contributing"
"1359","10.1016/j.jplph.2013.10.011","co the growth"
"1360","10.1016/j.jplph.2013.10.011"," plant growth"
"1361","10.1016/j.jplph.2013.10.011"," root biomass"
"1362","10.1890/12-1943.1","host biomass"
"1363","10.3389/fpls.2013.00338","taxon-specific responses"
"1364","10.3389/fpls.2013.00338"," plant biomass"
"1365","10.3389/fpls.2013.00338"," plant growth"
"1366","10.3389/fpls.2013.00338"," growth"
"1367",NA,"total biomass quality"
"1368",NA," the growth"
"1369",NA," total biomass piq"
"1370",NA," plant growth"
"1371",NA," growth"
"1372",NA," plant height"
"1373","10.1016/j.chemosphere.2013.07.089","shoot biomasses"
"1374","10.1371/journal.pone.0070633","yield"
"1375","10.1371/journal.pone.0070633"," the yield"
"1376","10.1371/journal.pone.0070633"," plant growth"
"1377","10.1371/journal.pone.0070633"," yields cassava"
"1378","10.1371/journal.pone.0070633"," the yield highest"
"1379","10.1371/journal.pone.0070633"," improving yields"
"1380","10.1093/aob/mct177","growth"
"1381","10.1016/j.jenvrad.2013.07.001","biomass"
"1382","10.1016/j.chemosphere.2013.04.093","higher biomass accumulation"
"1383","10.1016/j.chemosphere.2013.04.093"," growth"
"1384",NA,"seedling biomass"
"1385",NA," dry mass"
"1386",NA," seedling growth"
"1387","10.1016/s1001-0742(12)60060-6","shoot biomass"
"1388","10.1111/nph.12273","root biomass"
"1389","10.1007/s00572-013-0494-y","plant growth"
"1390","10.1007/s00572-013-0494-y"," mycorrhizal growth"
"1391","10.1007/s00572-013-0494-y"," growth"
"1392","10.1093/aob/mct062","the below-ground biomass"
"1393","10.1080/09593330.2012.689369","biomass"
"1394","10.1080/09593330.2012.689369"," the biomass"
"1395","10.1080/15226514.2012.716099","plant growth"
"1396","10.1093/aob/mct035","dry weight"
"1397","10.1093/aob/mct035"," shoot biomass"
"1398","10.1093/aob/mct035"," growth"
"1399","10.1111/pce.12082","dry biomass"
"1400","10.1111/pce.12082"," plant growth"
"1401","10.1890/11-1715.1","biomass"
"1402","10.1890/11-1715.1"," growth"
"1403","10.1371/journal.pone.0048669","the biomass"
"1404","10.1007/s00572-012-0460-0","biomass composition"
"1405","10.1016/j.jhazmat.2012.08.020",NA
"1406","10.1016/j.jenvrad.2012.08.004","plant biomass"
"1407","10.1016/j.jenvrad.2012.08.004"," 3.2-fold"
"1408","10.1080/15226514.2011.619230","growth good"
"1409","10.1080/15226514.2011.619230"," growth activity"
"1410","10.1080/15226514.2011.619230"," the biomass"
"1411","10.1039/c2em30333g","shoot biomass"
"1412","10.1007/s11274-011-0823-2","yield herb"
"1413","10.1007/s11274-011-0823-2"," growth yield performances"
"1414","10.1007/s11274-011-0823-2"," the root biomass"
"1415","10.1007/s11274-011-0823-2"," growth yield"
"1416","10.1007/s11274-011-0823-2"," yield biomass"
"1417","10.1007/s11274-011-0823-2"," growth"
"1418","10.1007/s11274-011-0823-2"," shoot biomass"
"1419","10.1007/s11274-011-0823-2"," yield biomass higher achieved"
"1420","10.1016/j.jhazmat.2012.05.091","plant growth"
"1421","10.1016/j.jhazmat.2012.05.091"," growth better"
"1422","10.1007/s00572-012-0448-9","biomass"
"1423","10.1007/s00572-012-0448-9"," plant growth"
"1424","10.1007/s00572-012-0448-9"," field pea biomass uptake fixation"
"1425","10.1007/s00572-012-0448-9"," field pea biomass uptake"
"1426","10.1016/j.jhazmat.2012.05.044","growth"
"1427","10.1007/s00572-012-0447-x","plant height"
"1428","10.1007/s00572-012-0447-x"," dry mass"
"1429","10.1007/s00572-012-0447-x"," tuber yields"
"1430","10.1007/s00572-012-0446-y","root growth"
"1431","10.1890/11-1247.1","shoot biomass"
"1432","10.1890/11-1247.1"," the growth"
"1433","10.1890/11-1247.1"," growth"
"1434","10.1016/j.envpol.2012.04.026","root biomass"
"1435","10.1111/j.1438-8677.2012.00581.x","shoot growth"
"1436","10.1111/j.1438-8677.2012.00581.x"," root growth"
"1437","10.1111/j.1438-8677.2012.00581.x"," the growth attained"
"1438","10.1007/s11270-011-0915-5","biomass"
"1439","10.1007/s11270-011-0915-5"," plant growth"
"1440","10.1007/s11270-011-0915-5"," lowest biomass"
"1441","10.1139/w11-140","straw biomass"
"1442","10.1139/w11-140"," poor growth"
"1443",NA,"dry weight"
"1444",NA," plant biomass"
"1445",NA," plant growth"
"1446",NA," growth nutrition content"
"1447",NA," plant height"
"1448",NA,"biomass"
"1449",NA," biomass gram-positive bacterial"
"1450",NA," biomass actinomycete"
"1451",NA," microbial biomass"
"1452","10.1016/j.scitotenv.2011.10.053","shoot biomass"
"1453",NA,"the growth using"
"1454",NA," the growth uptake microelement"
"1455",NA," the growth"
"1456",NA," biomass"
"1457","10.1080/15226514.2011.568546","plant biomass"
"1458","10.1890/10-1915.1","plant growth"
"1459","10.1890/10-1915.1"," growth"
"1460","10.1890/10-1915.1"," the yield"
"1461","10.1590/S1517-83822011000300004","the growth"
"1462","10.1590/S1517-83822011000300004"," microbial biomass"
"1463","10.1007/s00572-011-0391-1","biomass activity"
"1464","10.1186/1471-2229-11-98","height coverage"
"1465","10.1186/1471-2229-11-98"," belowground biomass"
"1466","10.1186/1471-2229-11-98"," fast growth"
"1467","10.1080/15226510903535056","aerial biomass"
"1468","10.1080/15226510903535056"," biomass"
"1469","10.1080/15226510903535056"," growth"
"1470","10.1080/15226510903353104","biomass"
"1471","10.1080/15226511003671353","biomass"
"1472","10.1016/j.scitotenv.2011.04.029","plant biomass"
"1473","10.1016/j.scitotenv.2011.04.029"," plant growth"
"1474","10.1016/j.ejsobi.2011.03.001","plant biomass"
"1475","10.1016/j.ejsobi.2011.03.001"," biomass"
"1476","10.1016/j.ejsobi.2011.03.001"," growth"
"1477","10.1016/j.ejsobi.2011.03.001"," plant growth"
"1478","10.1016/j.ejsobi.2011.03.001"," growth production"
"1479","10.1007/s00572-011-0379-x","growth status"
"1480","10.1007/s00572-011-0379-x"," growth"
"1481","10.1007/s00572-011-0379-x"," plant growth"
"1482","10.1007/s00572-011-0370-6","growth"
"1483","10.1007/s00572-011-0370-6"," plant biomass"
"1484","10.1007/s00572-011-0372-4","the growth"
"1485","10.1007/s00572-011-0372-4"," growth"
"1486","10.1007/s00572-011-0372-4"," the biomass"
"1487","10.1016/j.jenvman.2011.02.015","dry weight"
"1488","10.1016/j.jenvman.2011.02.015"," plant biomass"
"1489","10.1016/j.jenvman.2011.02.015"," growth status"
"1490","10.1016/j.jenvman.2011.02.015"," plant growth"
"1491","10.1016/j.jplph.2010.12.019","poor biomass"
"1492","10.1016/j.jplph.2010.12.019"," rice growth"
"1493","10.1016/j.jplph.2010.12.019"," a higher biomass"
"1494","10.1007/s12011-011-8973-5","accumulation biomass"
"1495","10.1007/s00122-010-1501-8","response biomass"
"1496","10.1007/s00122-010-1501-8"," biomass"
"1497","10.1007/s00122-010-1501-8"," plant biomass"
"1498","10.1007/s00572-010-0360-0","biomass yields"
"1499","10.1007/s00572-010-0360-0"," biomass yields contents"
"1500","10.1007/s00572-010-0360-0"," plant growth"
"1501","10.1139/w10-096","biomass"
"1502","10.1139/w10-096"," plant growth"
"1503","10.1016/j.scitotenv.2010.12.019","root biomass uptake colonisation"
"1504","10.1016/j.scitotenv.2010.12.019"," growth"
"1505","10.1016/j.scitotenv.2010.12.019"," the shoot biomass"
"1506","10.1016/j.scitotenv.2010.11.020","biomass"
"1507","10.1016/j.scitotenv.2010.11.020"," plant growth"
"1508","10.1016/j.scitotenv.2010.11.020"," dry biomass"
"1509",NA,"plant biomass"
"1510",NA," the growth"
"1511",NA," biomass fresh area"
"1512",NA," high temperatures"
"1513","10.1016/j.envpol.2010.11.035",NA
"1514","10.1016/j.phytochem.2010.11.008","biomass"
"1515","10.1016/j.phytochem.2010.11.008"," plant growth"
"1516","10.1007/s00572-010-0343-1","fungal biomass"
"1517","10.1007/s00572-010-0343-1"," plant biomass"
"1518","10.1007/s00572-010-0343-1"," biomass"
"1519","10.1007/s00572-010-0343-1"," shoot growth"
"1520","10.1007/s00572-010-0343-1"," seedling biomass"
"1521","10.1007/s00572-010-0343-1"," the increased growth"
"1522","10.1007/s00572-010-0343-1"," plant growth"
"1523","10.1007/s00572-010-0343-1"," growth"
"1524","10.1016/j.envpol.2010.09.032","uptake maximum biomass"
"1525","10.1016/j.envpol.2010.09.032"," plant growth"
"1526","10.1007/s00572-010-0340-4","biomass"
"1527","10.1016/j.jhazmat.2010.09.004","the half-life"
"1528","10.1016/j.jhazmat.2010.09.004"," plant growth"
"1529","10.1093/aob/mcq170","improved growth together"
"1530","10.1093/aob/mcq170"," plant biomass"
"1531","10.1093/aob/mcq170"," mt growth uptake/translocation"
"1532","10.1080/15226510903051740","plant growth"
"1533","10.1016/j.scitotenv.2010.07.064","biomass"
"1534","10.1016/j.scitotenv.2010.07.064"," slow growth"
"1535","10.1016/j.jenvman.2010.07.008","yields"
"1536","10.1016/j.jenvman.2010.07.008"," plant biomass"
"1537","10.1016/j.jenvman.2010.07.008"," the growth establishment soils"
"1538","10.1016/j.jenvman.2010.07.008"," the biomass"
"1539","10.1016/j.jenvman.2010.07.008"," plant growth"
"1540","10.1016/j.jenvman.2010.07.008"," d. pentaphyllum biomass"
"1541","10.1007/s00253-010-2791-0","crop higher yields rates"
"1542","10.1007/s00253-010-2791-0"," crop yield response"
"1543","10.1007/s00253-010-2791-0"," crop yield acquisition"
"1544","10.1007/s00253-010-2791-0"," vegetative biomass"
"1545","10.1016/j.jhazmat.2010.05.042","plant biomass"
"1546","10.1016/j.plaphy.2010.04.002","produced biomass matter"
"1547","10.1016/j.plaphy.2010.04.002"," plant growth"
"1548","10.1007/s00572-010-0311-9","dry weight"
"1549","10.1007/s00572-010-0311-9"," plant biomass"
"1550","10.1007/s00572-010-0311-9"," plant growth"
"1551","10.1100/tsw.2010.59","the yield highest"
"1552","10.1100/tsw.2010.59"," the yield"
"1553","10.1100/tsw.2010.59"," yield cassava increased tuber"
"1554","10.1111/j.1469-8137.2009.03162.x","growth"
"1555","10.1002/jsfa.3871","dry biomass"
"1556","10.1002/jsfa.3871"," the growth"
"1557","10.1002/jsfa.3871"," vegetative growth"
"1558","10.1002/jsfa.3871"," shoot biomass"
"1559","10.1002/jsfa.3871"," oil yield"
"1560","10.1073/pnas.0906710107",NA
"1561","10.1007/s00572-009-0296-4","mass"
"1562",NA,"the growth"
"1563",NA," contents all biomass"
"1564",NA," dry mass"
"1565",NA," growth uptake raf"
"1566",NA,"wheat growth"
"1567",NA," aerial biomass"
"1568",NA," wheat yield"
"1569",NA," individual yield weight"
"1570",NA," plant growth"
"1571",NA," yield kernel weight"
"1572","10.1007/s00572-009-0294-6","cultures"
"1573","10.1007/s00572-009-0294-6"," growth"
"1574","10.1007/s00572-009-0294-6"," growth status"
"1575","10.1007/s00248-009-9618-5","plant biomass"
"1576","10.1007/s00248-009-9618-5"," biomass shoot"
"1577","10.1007/s00248-009-9618-5"," plant growth"
"1578","10.1080/15226510902787310","maize growth"
"1579","10.1080/15226510902787310"," the root biomasses"
"1580","10.1007/s00572-009-0279-5","tomato fruit biomass"
"1581","10.1007/s00572-009-0279-5"," suitable growth"
"1582","10.1007/s00572-009-0279-5"," the growth"
"1583","10.1007/s00572-009-0279-5"," fresh weight"
"1584","10.1007/s00572-009-0279-5"," increased biomass"
"1585","10.1016/j.chemosphere.2009.08.050","molecular weight"
"1586","10.1139/w09-031","yield"
"1587","10.1139/w09-031"," root mass"
"1588","10.1139/w09-031"," dry shoot"
"1589","10.1139/w09-031"," plant growth"
"1590","10.1139/w09-031"," plant yield"
"1591","10.1016/j.biortech.2009.07.010","dry weight"
"1592","10.1890/07-2080.1","biomass"
"1593","10.1890/07-2080.1"," temperatures higher"
"1594","10.1890/07-2080.1"," temperatures zone"
"1595","10.1890/07-2080.1"," the lanuginosum biomass length"
"1596","10.1890/07-2080.1"," host plant biomass"
"1597","10.1890/07-2080.1"," soil temperatures"
"1598","10.1016/j.chemosphere.2009.05.025","biomass"
"1599","10.1016/j.chemosphere.2009.05.025"," biomass only"
"1600","10.1016/j.scitotenv.2009.05.021","dry shoot"
"1601","10.1016/j.scitotenv.2009.05.021"," eucalyptus shoot biomass"
"1602","10.1016/j.scitotenv.2009.05.021"," plant growth"
"1603","10.1007/s00248-009-9544-6","growth the greatest"
"1604","10.1093/treephys/tpp038","biomass"
"1605","10.1093/treephys/tpp038"," plant growth"
"1606","10.1890/08-0419.1","biomass"
"1607","10.1007/s00572-009-0241-6","a tuber higher biomass"
"1608","10.1007/s00572-009-0241-6"," optimal yields"
"1609","10.1007/s00572-009-0241-6"," yield"
"1610","10.1007/s00442-009-1312-2","total biomass"
"1611","10.1007/s00442-009-1312-2"," root biomass"
"1612","10.1007/s00442-009-1312-2"," plant biomass"
"1613","10.1007/s00442-009-1312-2"," responses these"
"1614","10.1007/s00442-009-1312-2"," plant growth"
"1615","10.1007/s00442-009-1312-2"," growth"
"1616","10.1007/s00442-009-1312-2"," biomass less"
"1617","10.1007/s00442-009-1312-2"," shoot biomass"
"1618","10.1016/j.chemosphere.2009.02.008","biomass yields"
"1619","10.1016/j.chemosphere.2009.02.008"," canavalia ensiformis growth nutrient"
"1620","10.1016/j.chemosphere.2009.02.008"," biomass yields nodulation"
"1621","10.1016/j.chemosphere.2009.01.046","plant biomass"
"1622","10.1016/j.chemosphere.2009.01.046"," plant growth"
"1623","10.1007/s00248-009-9489-9","growth the"
"1624","10.1007/s00248-009-9489-9"," microbial biomass"
"1625","10.1007/s00442-009-1294-0","plant biomass"
"1626","10.1007/s00442-009-1294-0"," weight"
"1627","10.1016/j.envpol.2008.12.030","more fungal biomass"
"1628","10.1080/15226510802378483","root growth"
"1629","10.1080/15226510802378483"," the shoot biomass"
"1630","10.1080/15226510802378483"," plant biomass"
"1631","10.1080/15226510802378483"," growth metal"
"1632","10.1080/15226510802378483"," plant growth"
"1633","10.1080/15226510802378483"," growth"
"1634","10.1007/s00572-009-0230-9","plant biomass"
"1635","10.1007/s00572-009-0230-9"," plant growth"
"1636","10.1016/j.envpol.2008.12.022",NA
"1637","10.1007/s00572-009-0228-3","mycelium biomass"
"1638","10.1007/s00572-009-0228-3"," root growth"
"1639","10.1007/s00442-008-1192-x","host plant biomass"
"1640","10.1007/s00442-008-1192-x"," growth"
"1641","10.1890/07-1394.1","biomass lost"
"1642","10.1890/07-1394.1"," biomass"
"1643","10.1890/07-1394.1"," the growth"
"1644","10.1890/07-1394.1"," biomass more"
"1645","10.1139/w08-081","yield"
"1646","10.1139/w08-081"," dry mass"
"1647","10.1139/w08-081"," plant growth"
"1648","10.1139/w08-081"," grain yields kg.ha(-1"
"1649","10.1139/w08-081"," plant height"
"1650","10.1139/w08-081"," yield mass"
"1651","10.1007/s00572-008-0203-4","biomass"
"1652","10.1007/s00572-008-0203-4"," seedling growth"
"1653","10.1016/s1001-0742(08)62121-x","biomass colonization length"
"1654","10.1016/s1001-0742(08)62121-x"," the growth mycorrhizae"
"1655","10.1111/j.1574-6968.2008.01318.x","dry weight"
"1656","10.1111/j.1574-6968.2008.01318.x"," plant growth"
"1657","10.1111/j.1574-6968.2008.01318.x"," plant growth satisfactory"
"1658","10.1016/j.ecoenv.2008.01.027","plant biomass"
"1659","10.1016/j.ecoenv.2008.01.027"," plant growth"
"1660","10.1007/s00572-008-0178-1","dry mass"
"1661","10.1007/s00572-008-0178-1"," the growth"
"1662","10.1016/j.chemosphere.2008.03.040","accumulation growth"
"1663","10.1016/j.chemosphere.2008.03.040"," biomass"
"1664","10.1016/j.chemosphere.2008.03.040"," plant growth"
"1665","10.3852/mycologia.100.1.6","growth"
"1666","10.1890/07-0823.1","host biomass"
"1667","10.1890/07-0823.1"," root responses"
"1668","10.1890/07-0823.1"," biomass"
"1669","10.1890/07-0823.1"," growth"
"1670","10.1890/07-0823.1"," response"
"1671","10.1890/07-0823.1"," biomass total"
"1672","10.1890/07-0823.1"," response biomass shoot total ratio"
"1673","10.1890/07-0823.1"," height"
"1674","10.1016/j.scitotenv.2008.02.003","microbial biomass"
"1675","10.1016/j.envpol.2008.01.003","root biomass"
"1676","10.1016/j.envpol.2008.01.003"," dry weights"
"1677","10.1016/j.envpol.2008.01.003"," the biomass"
"1678","10.1016/j.envpol.2008.01.003"," biomass the"
"1679","10.1055/s-2007-964963","growth"
"1680","10.1055/s-2007-964963"," shoot growth"
"1681","10.1016/j.biortech.2007.11.059","plant growth"
"1682","10.1016/j.biortech.2007.11.059"," plant growth"
"1683","10.1016/j.biortech.2007.11.059"," growth"
"1684","10.1016/s1001-0742(07)60203-4","dry weight"
"1685","10.1016/s1001-0742(07)60203-4"," root biomass"
"1686","10.1016/s1001-0742(07)60203-4"," plant biomass"
"1687","10.1016/j.jenvrad.2007.10.007","mixing different ratios"
"1688","10.1016/j.jenvrad.2007.10.007"," all mixing ratios"
"1689","10.1016/j.jenvrad.2007.10.007"," a greater biomass"
"1690","10.1016/j.jenvrad.2007.10.007"," plant growth"
"1691","10.1016/j.envpol.2007.10.023","biomass"
"1692","10.1016/j.envpol.2007.10.023"," plant growth"
"1693","10.1111/j.1365-2672.2007.03296.x","the growth"
"1694","10.1111/j.1365-2672.2007.03296.x"," plant growth"
"1695","10.1111/j.1365-2672.2007.03296.x"," growth"
"1696","10.1111/j.1365-2672.2007.03296.x"," survival growth increased"
"1697","10.1016/j.wasman.2007.05.008","shoot biomass"
"1698","10.1016/j.wasman.2007.05.008"," microbial biomass"
"1699","10.1016/j.wasman.2007.05.008"," plant growth"
"1700","10.1016/j.wasman.2007.05.008"," growth"
"1701","10.1016/j.envpol.2007.04.005",NA
"1702","10.1016/j.envpol.2007.04.002","plant biomass"
"1703","10.1016/j.jenvrad.2007.04.001","plant biomass"
"1704","10.1016/j.jenvrad.2007.04.001"," plant growth"
"1705","10.1016/j.jenvrad.2007.04.001"," plant biomass"
"1706","10.1007/s10646-007-0149-x","dry weight"
"1707","10.1007/s10646-007-0149-x"," an industrial area polluted polluted"
"1708","10.1007/s10646-007-0149-x"," biomass"
"1709","10.1007/s10646-007-0149-x"," the growth"
"1710","10.1007/s10646-007-0149-x"," seedling growth"
"1711","10.1007/s10646-007-0149-x"," growth the increased"
"1712","10.2134/jeq2006.0260","biomass n"
"1713","10.2134/jeq2006.0260"," whole-plant biomass"
"1714","10.2134/jeq2006.0260"," growth"
"1715","10.1016/j.envpol.2007.03.015","biomass yields"
"1716","10.1016/j.envpol.2007.03.015"," plant biomass"
"1717","10.1016/j.chemosphere.2007.02.068","plant growth"
"1718","10.1016/j.chemosphere.2007.02.068"," plant biomass"
"1719","10.3923/pjbs.2007.1491.1495","lai biomass ratio"
"1720","10.3923/pjbs.2007.1491.1495"," index total biomass mass 0.001"
"1721","10.3923/pjbs.2007.1491.1495"," biomass"
"1722","10.3923/pjbs.2007.1491.1495"," dry mass"
"1723","10.3923/pjbs.2007.1491.1495"," lowest biomass"
"1724","10.3923/pjbs.2007.1491.1495"," growth"
"1725","10.3923/pjbs.2007.1491.1495"," plant height"
"1726","10.1007/s00248-007-9239-9","plant growth"
"1727","10.1007/s00248-007-9239-9"," the growth"
"1728","10.1007/s00248-007-9239-9"," greater root biomass"
"1729",NA,"yield total"
"1730",NA," seedling growth"
"1731",NA," yield"
"1732",NA," early yield"
"1733","10.1055/s-2006-955946","small biomass"
"1734",NA,"dry weight"
"1735",NA," bacterial biomass"
"1736","10.1007/s00248-006-9078-0","root growth"
"1737","10.1016/j.envpol.2006.08.005","dry weight"
"1738","10.1016/j.envpol.2006.08.005"," plant biomass"
"1739","10.1016/j.envpol.2006.08.005"," plant growth"
"1740","10.1016/j.scitotenv.2006.07.008","root biomass"
"1741","10.1016/j.scitotenv.2006.07.008"," total biomass"
"1742","10.1016/j.envpol.2006.06.029",NA
"1743","10.1016/j.chemosphere.2006.07.007","biomass"
"1744","10.1016/j.chemosphere.2006.07.007"," plant growth"
"1745","10.1016/j.chemosphere.2006.07.007"," root growth"
"1746","10.1016/j.chemosphere.2006.07.007"," the biomass"
"1747","10.1016/j.jhazmat.2006.05.012","dry weight"
"1748","10.1016/j.jhazmat.2006.05.012"," larger biomass"
"1749","10.2134/jeq2005.0271","subspecies ovifera biomass"
"1750","10.2134/jeq2005.0271"," plant biomass"
"1751","10.2134/jeq2005.0271"," plant growth"
"1752","10.2134/jeq2005.0271"," the biomass"
"1753","10.1128/aem.63.11.4408-4412.1997","biomass accumulation"
"1754","10.1007/s10653-005-9020-2","higher biomass"
"1755","10.1007/s10653-005-9020-2"," plant biomass"
"1756","10.1007/s10653-005-9020-2"," plant growth"
"1757","10.1007/s10653-005-9020-2"," growth"
"1758","10.1016/j.chemosphere.2006.01.034","the growth"
"1759","10.1016/j.chemosphere.2006.01.034"," plant biomass"
"1760","10.1111/j.1365-2672.2005.02804.x","plant growth"
"1761","10.1111/j.1365-2672.2005.02804.x"," root growth"
"1762","10.1055/s-2005-872972","root biomass"
"1763","10.1055/s-2005-872972"," belowground biomass"
"1764","10.1007/s00572-005-0022-9","biomass ectomycorrhizal-root"
"1765","10.1007/s00572-005-0022-9"," root biomass"
"1766","10.1007/s00572-005-0022-9"," fine-root biomass"
"1767","10.1007/s00572-005-0022-9"," biomasses"
"1768","10.1007/s00572-005-0022-9"," these responses"
"1769","10.1007/s00572-005-0020-y","a better biomass yield"
"1770","10.1007/s00572-005-0020-y"," growth osmotica contents"
"1771","10.1007/s00572-005-0020-y"," biomass yield"
"1772","10.1111/j.1469-8137.2005.01490.x","biomass"
"1773","10.1111/j.1469-8137.2005.01490.x"," yield"
"1774","10.1111/j.1469-8137.2005.01490.x"," biomass"
"1775","10.1111/j.1469-8137.2005.01490.x"," biomass shoot"
"1776","10.1111/j.1469-8137.2005.01490.x"," yield biomass"
"1777","10.1111/j.1469-8137.2005.01490.x"," yield biomass phosphorus"
"1778","10.1007/s00572-005-0018-5","growth mortality"
"1779","10.1007/s00572-005-0018-5"," seed biomass"
"1780","10.1007/s00572-005-0018-5"," growth survival"
"1781","10.1007/s00572-005-0018-5"," plant growth"
"1782","10.1007/s00572-005-0018-5"," seedling growth"
"1783","10.1007/s00572-005-0018-5"," height"
"1784","10.1017/s0953756205002832","plant biomass"
"1785","10.1017/s0953756205002832"," biomass"
"1786","10.1017/s0953756205002832"," plant growth"
"1787","10.1017/s0953756205002832"," height number"
"1788","10.1017/s0953756205002832"," growth p status"
"1789","10.1007/s00572-005-0003-z","root mass"
"1790","10.1007/s00572-005-0003-z"," mass"
"1791","10.1016/j.chemosphere.2005.01.038","total biomass"
"1792","10.1016/j.chemosphere.2005.01.038"," growth"
"1793","10.1016/j.chemosphere.2005.01.038"," glutinosa growth a."
"1794","10.1016/j.envpol.2005.05.009","growth"
"1795","10.1016/j.envpol.2005.05.009"," the average biomass"
"1796","10.1016/j.envpol.2005.05.005",NA
"1797","10.1016/j.envint.2005.05.041","plant biomass"
"1798","10.1016/j.envint.2005.05.041"," the yield uptake"
"1799","10.1016/j.chemosphere.2005.01.029","shoot biomass"
"1800","10.1016/j.chemosphere.2005.01.029"," plant growth"
"1801","10.1016/j.jbiotec.2004.12.009","the growth limited nutrition"
"1802","10.1016/j.jbiotec.2004.12.009"," biomass"
"1803","10.1016/j.jbiotec.2004.12.009"," plant growth"
"1804","10.1016/j.scitotenv.2004.07.015","dry weight"
"1805","10.1016/j.scitotenv.2004.07.015"," biomass"
"1806","10.1016/j.chemosphere.2004.10.009","biomass"
"1807","10.1016/j.chemosphere.2004.10.009"," hemp growth"
"1808","10.1007/s00248-003-0131-y","biomass"
"1809","10.1007/s00248-003-0131-y"," plant growth"
"1810","10.1007/s00248-003-0131-y"," the growth"
"1811","10.1007/s00442-004-1777-y","root biomass"
"1812","10.1007/s00442-004-1777-y"," growth higher"
"1813","10.1007/s00442-004-1777-y"," shoot growth"
"1814","10.1007/s00442-004-1777-y"," growth"
"1815","10.1007/s00572-004-0321-6","plant biomass"
"1816","10.1007/s00572-004-0321-6"," plant growth"
"1817","10.1007/s00572-004-0321-6"," growth"
"1818","10.1016/j.envpol.2004.02.015","biomass"
"1819","10.1007/s00572-004-0312-7","fungal biomass"
"1820","10.1128/AEM.70.5.2692-2701.2004","microbial biomass"
"1821","10.1016/S0960-8524(03)00198-6","yield essential oil"
"1822","10.1016/S0960-8524(03)00198-6"," the herbage yield content"
"1823","10.1046/j.1469-8137.2003.00938.x","shoot biomass"
"1824","10.1007/s00572-003-0289-7","months growth"
"1825","10.1007/s00572-003-0289-7"," mycelial biomass"
"1826","10.1007/s00572-003-0289-7"," fungal biomass"
"1827","10.2134/jeq2003.2001","biomass"
"1828","10.2134/jeq2003.2001"," plant growth"
"1829","10.2134/jeq2003.2001"," growth"
"1830","10.2134/jeq2003.2001"," shoot total biomass"
"1831","10.1139/w03-073","trifolium l. growth functioning"
"1832","10.1139/w03-073"," plant growth"
"1833","10.1139/w03-073"," root biomass"
"1834","10.1139/w03-073"," root weight"
"1835","10.1007/s00572-003-0281-2","plant biomass"
"1836","10.1007/s00572-003-0281-2"," hyphal growth"
"1837","10.1007/s00572-003-0281-2"," depressed plant biomass"
"1838","10.1007/s00572-003-0224-y","collective biomass"
"1839","10.1007/s00572-003-0274-1","dry biomass"
"1840","10.1007/s00572-003-0274-1"," growth"
"1841","10.1007/s00572-003-0265-2","growth yield uptake"
"1842","10.1007/s00572-003-0265-2"," grain biomass yields"
"1843","10.1007/s00572-003-0265-2"," higher yields biomass"
"1844","10.1007/s00572-003-0265-2"," growth yield the improved"
"1845","10.1007/s00572-003-0265-2"," grain yields biomass"
"1846","10.1007/s00572-003-0265-2"," growth"
"1847","10.1007/s00572-003-0265-2"," grain yield acquisition"
"1848","10.1007/s00572-003-0265-2"," biomass yields"
"1849","10.1007/s00572-002-0213-6","shoot biomass"
"1850","10.1007/s00572-002-0213-6"," increased yield"
"1851","10.1016/s0269-7491(03)00195-7","shoot biomass"
"1852","10.1016/s0269-7491(03)00195-7"," growth further nutrition concentration"
"1853","10.1016/s0269-7491(03)00195-7"," trifolium p growth content plants"
"1854","10.1046/j.1469-8137.2003.00688.x","the biomass"
"1855","10.1007/s00267-002-2879-0","biomass"
"1856","10.1007/s00267-002-2879-0"," seedling growth"
"1857","10.1093/treephys/23.3.157","seedling growth"
"1858","10.1093/treephys/23.3.157"," biomass"
"1859","10.1093/treephys/23.3.157"," growth"
"1860","10.1093/treephys/23.3.157"," growth uptake"
"1861","10.1016/s0045-6535(02)00323-5","fungal biomass"
"1862","10.1007/s00442-002-1022-5","the highest shoot biomass total"
"1863","10.1007/s00442-002-1022-5"," root biomass"
"1864","10.1007/s00442-002-1022-5"," plant biomass"
"1865","10.1007/s00442-002-1022-5"," plant growth"
"1866","10.1007/s00442-002-1022-5"," shoot biomass total higher intensity"
"1867","10.1007/s00572-001-0147-4","the biomass"
"1868","10.1093/jexbot/53.371.1207","plant biomass"
"1869","10.1093/jexbot/53.371.1207"," plant growth"
"1870","10.1093/jexbot/53.371.1207"," growth"
"1871","10.1093/jexbot/53.371.1177","shoot biomass"
"1872","10.1093/jexbot/53.371.1177"," pod biomass"
"1873","10.1007/s00572-001-0140-y","biomass"
"1874","10.1007/s00572-001-0140-y"," plant biomass"
"1875","10.1007/s00572-001-0140-y"," seedling height"
"1876","10.1007/s00572-001-0140-y"," growth"
"1877","10.1007/s00572-001-0140-y"," height the"
"1878","10.3732/ajb.89.2.337","root biomass"
"1879","10.1046/j.0028-646X.2001.00265.x","unr growth"
"1880","10.1046/j.0028-646X.2001.00265.x"," shoot growth"
"1881","10.1046/j.0028-646X.2001.00265.x"," root biomass"
"1882","10.1078/0944-5013-00095","dry weight"
"1883","10.1078/0944-5013-00095"," biomass"
"1884","10.1078/0944-5013-00095"," the growth"
"1885","10.1007/s005720100122","dry biomass"
"1886","10.1007/s005720100122"," growth colonization"
"1887","10.1093/jexbot/51.347.1117","plant biomass"
"1888","10.1093/jexbot/51.347.1117"," root growth"
"1889","10.1046/j.1469-8137.1999.00471.x","the active fungal biomass"
"1890","10.1007/s004420050685","the biomass"
"1891","10.1007/s004420050685"," amf biomass"
"1892","10.1007/s004420050685"," the growth"
"1893","10.1007/s004420050685"," hyphal growth"
"1894","10.1007/s004420050685"," plant biomass"
"1895","10.1007/s004420050685"," amf growth hyphal"
"1896",NA,"plant biomass"
"1897",NA," biomass"
"1898",NA," the growth"
"1899","10.1007/s005720050190","pine biomass"
"1900","10.1007/s005720050190"," plant growth"
"1901","10.1007/s005720050190"," pine growth"
"1902","10.1046/j.1469-8137.1997.00786.x","were biomass"
"1903",NA,"vegetative growth"
"1904",NA," growth"
"1905",NA," plant mass"
"1906",NA,"height stem diameter"
"1907",NA," more biomass"
"1908",NA," biomass shoot weight"
"1909",NA," root growth"
"1910",NA," growth height"
"1911",NA," nodule weight"
"1912",NA," height diameter"
"1913",NA," growth"
"1914",NA," the growth"
"1915",NA," biomass nodule weight"
"1916",NA," growth height diameter"
"1917","10.1016/0269-7491(95)00081-x","dry weight"
"1918","10.1016/0269-7491(95)00081-x"," the biomass greatest"
"1919","10.1016/0269-7491(95)00081-x"," whole-plant biomass"
"1920","10.1016/0269-7491(95)00081-x"," n biomass tissues"
"1921","10.1016/0269-7491(95)00081-x"," plant biomass"
"1922","10.1016/0269-7491(95)00081-x"," biomass"
"1923","10.1016/0269-7491(95)00081-x"," plant growth"
"1924","10.1016/0269-7491(95)93444-5","plant biomass"
"1925","10.1016/0269-7491(95)93444-5"," plant growth"
"1926","10.1016/0269-7491(94)90188-0","biomass"
"1927","10.1016/0269-7491(94)90188-0"," plant growth"
"1928","10.1016/0269-7491(94)90188-0"," the biomass produced"
"1929","10.1016/0269-7491(94)90188-0"," biomass greater"
"1930","10.1104/pp.101.3.1063","dry weight"
"1931","10.1104/pp.101.3.1063"," root growth"
"1932","10.1104/pp.101.3.1063"," biomass colonization concentration"
"1933","10.1104/pp.101.3.1063"," root biomass"
"1934","10.1104/pp.101.3.1063"," whole-plant growth"
"1935","10.1104/pp.101.3.1063"," growth"
"1936","10.1104/pp.101.3.1063"," mycorrhizal-induced growth"
"1937","10.1007/BF00317489","root mass"
"1938","10.1007/BF00317489"," shoot mass"
"1939","10.1007/BF00317489"," more biomass p"
"1940","10.1007/BF00317489"," growth"
"1941","10.1007/BF00317489"," mass total"
"1942","10.1007/BF01225356","plant height"
"1943","10.1007/BF01225356"," biomass phosphate"
"1944","10.1111/j.1469-8137.1990.tb00376.x","plant biomass"
"1945","10.1111/j.1469-8137.1990.tb00376.x"," responses"
"1946","10.1111/j.1469-8137.1990.tb00376.x"," plant growth"
"1947","10.1111/j.1469-8137.1990.tb00376.x"," growth"
"1948","10.1111/j.1469-8137.1990.tb00376.x"," growth phosphorus"
"1949",NA,"more biomass"
"1950",NA," plant growth"
